"Step","env_id: MNISTBandit-v0 - regret","env_id: MNISTBandit-v0 - regret__MIN","env_id: MNISTBandit-v0 - regret__MAX"
"1","1.793103448275862","0","2"
"2","3.4482758620689653","0","4"
"3","5.310344827586207","0","6"
"4","6.9655172413793105","0","8"
"5","8.689655172413794","2","10"
"6","10.275862068965518","2","12"
"7","11.931034482758621","2","14"
"8","13.724137931034482","4","16"
"9","15.655172413793103","4","18"
"10","17.310344827586206","4","20"
"11","19.03448275862069","4","22"
"12","20.620689655172413","4","24"
"13","22.344827586206897","4","26"
"14","24.20689655172414","4","28"
"15","26","6","30"
"16","27.79310344827586","8","32"
"17","29.448275862068964","10","34"
"18","31.17241379310345","10","36"
"19","32.89655172413793","10","38"
"20","34.758620689655174","12","40"
"21","36.689655172413794","14","42"
"22","38.55172413793103","16","44"
"23","40.275862068965516","16","46"
"24","42.06896551724138","18","48"
"25","43.793103448275865","18","50"
"26","45.44827586206897","18","52"
"27","47.37931034482759","20","54"
"28","49.10344827586207","22","56"
"29","50.758620689655174","22","58"
"30","52.48275862068966","22","60"
"31","54.275862068965516","24","62"
"32","56.06896551724138","24","64"
"33","57.793103448275865","24","66"
"34","59.51724137931034","24","68"
"35","61.37931034482759","24","70"
"36","63.10344827586207","24","72"
"37","64.89655172413794","24","74"
"38","66.6896551724138","24","76"
"39","68.48275862068965","24","78"
"40","70.20689655172414","24","80"
"41","71.93103448275862","24","82"
"42","73.72413793103448","24","84"
"43","75.51724137931035","26","86"
"44","77.3103448275862","28","88"
"45","79.03448275862068","28","90"
"46","80.62068965517241","28","92"
"47","82.27586206896552","28","94"
"48","84","30","96"
"49","85.65517241379311","30","98"
"50","87.24137931034483","30","100"
"51","89.03448275862068","32","102"
"52","90.6896551724138","32","104"
"53","92.41379310344827","32","106"
"54","94.20689655172414","32","108"
"55","96","32","110"
"56","97.86206896551724","32","112"
"57","99.58620689655173","32","114"
"58","101.24137931034483","34","114"
"59","102.89655172413794","34","116"
"60","104.48275862068965","36","118"
"61","106.13793103448276","36","120"
"62","107.79310344827586","36","122"
"63","109.65517241379311","36","124"
"64","111.44827586206897","38","126"
"65","113.17241379310344","38","128"
"66","115.03448275862068","38","130"
"67","116.75862068965517","38","132"
"68","118.55172413793103","40","134"
"69","120.27586206896552","40","136"
"70","122","40","138"
"71","123.79310344827586","40","140"
"72","125.65517241379311","42","142"
"73","127.37931034482759","42","144"
"74","129.17241379310346","42","146"
"75","130.9655172413793","42","148"
"76","132.75862068965517","42","150"
"77","134.3448275862069","42","152"
"78","136","44","154"
"79","137.58620689655172","44","156"
"80","139.3793103448276","46","158"
"81","141.0344827586207","46","160"
"82","142.82758620689654","46","162"
"83","144.6206896551724","46","164"
"84","146.48275862068965","46","166"
"85","148.20689655172413","46","168"
"86","149.93103448275863","48","168"
"87","151.58620689655172","50","170"
"88","153.3793103448276","50","172"
"89","155.17241379310346","52","174"
"90","156.9655172413793","52","176"
"91","158.6206896551724","52","178"
"92","160.41379310344828","52","180"
"93","162.06896551724137","54","182"
"94","163.72413793103448","54","184"
"95","165.3793103448276","54","186"
"96","167.17241379310346","56","188"
"97","168.82758620689654","56","190"
"98","170.6206896551724","56","192"
"99","172.27586206896552","56","194"
"100","173.93103448275863","56","196"
"101","175.6551724137931","56","198"
"102","177.3793103448276","56","200"
"103","179.0344827586207","56","202"
"104","180.68965517241378","58","204"
"105","182.13793103448276","58","206"
"106","183.51724137931035","58","208"
"107","185.0344827586207","58","210"
"108","186.41379310344828","58","212"
"109","188","60","214"
"110","189.3793103448276","60","216"
"111","190.68965517241378","60","218"
"112","192.3448275862069","62","220"
"113","193.79310344827587","64","222"
"114","195.3793103448276","64","224"
"115","196.9655172413793","66","226"
"116","198.6206896551724","68","228"
"117","199.93103448275863","68","230"
"118","201.31034482758622","68","232"
"119","202.75862068965517","68","234"
"120","204","70","236"
"121","205.51724137931035","70","238"
"122","206.75862068965517","72","240"
"123","207.93103448275863","72","242"
"124","209.17241379310346","72","244"
"125","210.41379310344828","74","246"
"126","211.3793103448276","74","246"
"127","212.41379310344828","74","248"
"128","213.72413793103448","74","250"
"129","214.75862068965517","74","252"
"130","215.79310344827587","76","254"
"131","216.82758620689654","76","256"
"132","217.79310344827587","78","258"
"133","218.75862068965517","78","260"
"134","219.93103448275863","80","262"
"135","221.0344827586207","82","264"
"136","222.48275862068965","84","266"
"137","223.72413793103448","84","268"
"138","224.55172413793105","86","268"
"139","225.58620689655172","86","270"
"140","226.89655172413794","88","270"
"141","228","88","272"
"142","228.89655172413794","90","274"
"143","229.79310344827587","90","276"
"144","230.6206896551724","90","278"
"145","231.3793103448276","90","280"
"146","232.13793103448276","92","282"
"147","233.17241379310346","92","282"
"148","234.06896551724137","94","284"
"149","234.55172413793105","94","286"
"150","235.17241379310346","94","288"
"151","236","94","290"
"152","237.0344827586207","94","292"
"153","237.72413793103448","96","292"
"154","238.27586206896552","96","292"
"155","239.17241379310346","96","294"
"156","240.06896551724137","96","294"
"157","240.75862068965517","98","294"
"158","241.44827586206895","98","294"
"159","242.13793103448276","98","296"
"160","243.0344827586207","98","296"
"161","243.51724137931035","98","296"
"162","244.13793103448276","100","296"
"163","244.9655172413793","102","296"
"164","245.72413793103448","102","296"
"165","246.3448275862069","104","298"
"166","247.17241379310346","106","300"
"167","247.6551724137931","108","300"
"168","248","108","300"
"169","248.75862068965517","108","300"
"170","249.31034482758622","108","302"
"171","250.13793103448276","108","302"
"172","250.55172413793105","108","302"
"173","251.24137931034483","108","302"
"174","251.86206896551724","110","302"
"175","252.41379310344828","112","302"
"176","253.10344827586206","114","304"
"177","253.79310344827587","114","304"
"178","254.55172413793105","114","306"
"179","255.31034482758622","116","308"
"180","256.0689655172414","118","308"
"181","257.0344827586207","120","310"
"182","257.37931034482756","122","310"
"183","257.86206896551727","124","310"
"184","258.3448275862069","124","312"
"185","258.7586206896552","124","312"
"186","259.1034482758621","124","314"
"187","259.37931034482756","124","314"
"188","260","124","314"
"189","260.7586206896552","124","314"
"190","261.1034482758621","124","314"
"191","261.7241379310345","126","316"
"192","262","126","318"
"193","262.3448275862069","128","320"
"194","262.55172413793105","128","320"
"195","263.2413793103448","128","322"
"196","263.7931034482759","128","322"
"197","264.2068965517241","128","322"
"198","264.7586206896552","128","322"
"199","265.1034482758621","128","322"
"200","265.7241379310345","130","322"
"201","266.3448275862069","132","324"
"202","266.82758620689657","132","326"
"203","267.3103448275862","132","326"
"204","267.7241379310345","134","326"
"205","268.2758620689655","134","326"
"206","268.82758620689657","136","328"
"207","269.17241379310343","136","328"
"208","269.86206896551727","136","328"
"209","270.13793103448273","136","328"
"210","270.6896551724138","138","328"
"211","271.3103448275862","140","328"
"212","271.7241379310345","140","330"
"213","272.0689655172414","140","330"
"214","272.7586206896552","140","332"
"215","273.37931034482756","142","334"
"216","273.9310344827586","142","336"
"217","274.3448275862069","142","336"
"218","274.6896551724138","142","336"
"219","275.44827586206895","144","338"
"220","276","146","338"
"221","276.7586206896552","148","340"
"222","277.37931034482756","148","342"
"223","278","150","342"
"224","278.2758620689655","150","342"
"225","278.82758620689657","150","342"
"226","279.1034482758621","150","344"
"227","279.51724137931035","150","344"
"228","279.7931034482759","150","344"
"229","280","150","346"
"230","280.6896551724138","150","346"
"231","281.3103448275862","150","346"
"232","281.7931034482759","150","348"
"233","282.48275862068965","152","348"
"234","282.8965517241379","152","348"
"235","283.3103448275862","152","348"
"236","283.7241379310345","152","348"
"237","284.0689655172414","152","350"
"238","284.62068965517244","154","352"
"239","285.1034482758621","154","354"
"240","285.44827586206895","156","354"
"241","286","156","354"
"242","286.48275862068965","156","354"
"243","286.9655172413793","156","354"
"244","287.0344827586207","156","354"
"245","287.37931034482756","156","354"
"246","287.7931034482759","158","354"
"247","288.2758620689655","158","356"
"248","288.62068965517244","160","356"
"249","288.8965517241379","160","356"
"250","289.3103448275862","160","356"
"251","289.7241379310345","160","356"
"252","290","162","356"
"253","290.48275862068965","162","356"
"254","290.8965517241379","162","356"
"255","291.1034482758621","162","356"
"256","291.51724137931035","162","356"
"257","291.9310344827586","162","356"
"258","292","162","356"
"259","292.2068965517241","164","356"
"260","292.48275862068965","164","358"
"261","292.7586206896552","164","358"
"262","293.0344827586207","164","358"
"263","293.37931034482756","164","360"
"264","293.58620689655174","164","360"
"265","293.9310344827586","164","360"
"266","294.13793103448273","164","360"
"267","294.41379310344826","164","360"
"268","294.8965517241379","164","362"
"269","295.1034482758621","164","362"
"270","295.2413793103448","164","362"
"271","295.58620689655174","164","362"
"272","295.9310344827586","164","362"
"273","296.13793103448273","164","362"
"274","296.3448275862069","164","362"
"275","296.48275862068965","164","362"
"276","296.7586206896552","166","362"
"277","297.1034482758621","166","362"
"278","297.37931034482756","166","362"
"279","297.44827586206895","166","362"
"280","297.7241379310345","168","362"
"281","298.0689655172414","168","362"
"282","298.41379310344826","170","362"
"283","298.55172413793105","170","362"
"284","298.9655172413793","170","362"
"285","299.3103448275862","170","364"
"286","299.51724137931035","170","364"
"287","299.9310344827586","170","364"
"288","300.41379310344826","170","364"
"289","300.7586206896552","170","364"
"290","301.17241379310343","170","364"
"291","301.44827586206895","172","364"
"292","301.86206896551727","172","366"
"293","302.13793103448273","172","366"
"294","302.13793103448273","172","366"
"295","302.55172413793105","172","366"
"296","302.9655172413793","172","366"
"297","303.17241379310343","172","366"
"298","303.17241379310343","172","366"
"299","303.37931034482756","172","366"
"300","303.51724137931035","172","366"
"301","303.7241379310345","172","366"
"302","304","172","366"
"303","304.0689655172414","172","368"
"304","304.41379310344826","174","368"
"305","304.7586206896552","174","368"
"306","304.9655172413793","174","368"
"307","305.0344827586207","174","368"
"308","305.2413793103448","174","368"
"309","305.51724137931035","174","368"
"310","305.86206896551727","174","368"
"311","306","174","368"
"312","306.2068965517241","174","368"
"313","306.2758620689655","174","368"
"314","306.3448275862069","174","368"
"315","306.41379310344826","174","368"
"316","306.55172413793105","174","368"
"317","306.62068965517244","174","368"
"318","306.6896551724138","174","368"
"319","306.82758620689657","174","368"
"320","306.8965517241379","174","368"
"321","306.9655172413793","174","368"
"322","307.17241379310343","174","368"
"323","307.44827586206895","174","368"
"324","307.44827586206895","174","368"
"325","307.51724137931035","174","370"
"326","307.86206896551727","174","370"
"327","308","174","370"
"328","308.0689655172414","174","370"
"329","308.13793103448273","174","370"
"330","308.2068965517241","174","370"
"331","308.2068965517241","174","370"
"332","308.2068965517241","174","370"
"333","308.2758620689655","174","370"
"334","308.41379310344826","174","372"
"335","308.48275862068965","174","372"
"336","308.48275862068965","174","372"
"337","308.62068965517244","176","372"
"338","308.6896551724138","176","372"
"339","308.7586206896552","176","372"
"340","308.82758620689657","176","372"
"341","308.8965517241379","176","372"
"342","308.8965517241379","176","372"
"343","308.8965517241379","176","372"
"344","308.9655172413793","176","372"
"345","308.9655172413793","176","372"
"346","308.9655172413793","176","372"
"347","308.9655172413793","176","372"
"348","308.9655172413793","176","372"
"349","308.9655172413793","176","372"
"350","308.9655172413793","176","372"
"351","308.9655172413793","176","372"
"352","308.9655172413793","176","372"
"353","308.9655172413793","176","372"
"354","308.9655172413793","176","372"
"355","308.9655172413793","176","372"
"356","308.9655172413793","176","372"
"357","308.9655172413793","176","372"
"358","308.9655172413793","176","372"
"359","308.9655172413793","176","372"
"360","308.9655172413793","176","372"
"361","308.9655172413793","176","372"
"362","308.9655172413793","176","372"
"363","308.9655172413793","176","372"
"364","308.9655172413793","176","372"
"365","308.9655172413793","176","372"
"366","308.9655172413793","176","372"
"367","308.9655172413793","176","372"
"368","308.9655172413793","176","372"
"369","308.9655172413793","176","372"
"370","308.9655172413793","176","372"
"371","308.9655172413793","176","372"
"372","308.9655172413793","176","372"
"373","308.9655172413793","176","372"
"374","308.9655172413793","176","372"
"375","308.9655172413793","176","372"
"376","308.9655172413793","176","372"
"377","308.9655172413793","176","372"
"378","308.9655172413793","176","372"
"379","308.9655172413793","176","372"
"380","308.9655172413793","176","372"
"381","308.9655172413793","176","372"
"382","308.9655172413793","176","372"
"383","308.9655172413793","176","372"
"384","308.9655172413793","176","372"
"385","308.9655172413793","176","372"
"386","308.9655172413793","176","372"
"387","308.9655172413793","176","372"
"388","308.9655172413793","176","372"
"389","308.9655172413793","176","372"
"390","308.9655172413793","176","372"
"391","308.9655172413793","176","372"
"392","308.9655172413793","176","372"
"393","308.9655172413793","176","372"
"394","308.9655172413793","176","372"
"395","308.9655172413793","176","372"
"396","308.9655172413793","176","372"
"397","308.9655172413793","176","372"
"398","308.9655172413793","176","372"
"399","308.9655172413793","176","372"
"400","308.9655172413793","176","372"
"401","308.9655172413793","176","372"
"402","308.9655172413793","176","372"
"403","308.9655172413793","176","372"
"404","308.9655172413793","176","372"
"405","308.9655172413793","176","372"
"406","308.9655172413793","176","372"
"407","308.9655172413793","176","372"
"408","308.9655172413793","176","372"
"409","308.9655172413793","176","372"
"410","308.9655172413793","176","372"
"411","308.9655172413793","176","372"
"412","308.9655172413793","176","372"
"413","308.9655172413793","176","372"
"414","308.9655172413793","176","372"
"415","308.9655172413793","176","372"
"416","308.9655172413793","176","372"
"417","308.9655172413793","176","372"
"418","308.9655172413793","176","372"
"419","308.9655172413793","176","372"
"420","308.9655172413793","176","372"
"421","308.9655172413793","176","372"
"422","308.9655172413793","176","372"
"423","308.9655172413793","176","372"
"424","308.9655172413793","176","372"
"425","308.9655172413793","176","372"
"426","308.9655172413793","176","372"
"427","308.9655172413793","176","372"
"428","308.9655172413793","176","372"
"429","308.9655172413793","176","372"
"430","308.9655172413793","176","372"
"431","308.9655172413793","176","372"
"432","308.9655172413793","176","372"
"433","308.9655172413793","176","372"
"434","308.9655172413793","176","372"
"435","308.9655172413793","176","372"
"436","308.9655172413793","176","372"
"437","308.9655172413793","176","372"
"438","308.9655172413793","176","372"
"439","308.9655172413793","176","372"
"440","308.9655172413793","176","372"
"441","308.9655172413793","176","372"
"442","308.9655172413793","176","372"
"443","308.9655172413793","176","372"
"444","308.9655172413793","176","372"
"445","308.9655172413793","176","372"
"446","308.9655172413793","176","372"
"447","308.9655172413793","176","372"
"448","308.9655172413793","176","372"
"449","308.9655172413793","176","372"
"450","308.9655172413793","176","372"
"451","308.9655172413793","176","372"
"452","308.9655172413793","176","372"
"453","308.9655172413793","176","372"
"454","308.9655172413793","176","372"
"455","308.9655172413793","176","372"
"456","308.9655172413793","176","372"
"457","308.9655172413793","176","372"
"458","308.9655172413793","176","372"
"459","308.9655172413793","176","372"
"460","308.9655172413793","176","372"
"461","308.9655172413793","176","372"
"462","308.9655172413793","176","372"
"463","308.9655172413793","176","372"
"464","308.9655172413793","176","372"
"465","308.9655172413793","176","372"
"466","308.9655172413793","176","372"
"467","308.9655172413793","176","372"
"468","308.9655172413793","176","372"
"469","308.9655172413793","176","372"
"470","308.9655172413793","176","372"
"471","308.9655172413793","176","372"
"472","308.9655172413793","176","372"
"473","308.9655172413793","176","372"
"474","308.9655172413793","176","372"
"475","308.9655172413793","176","372"
"476","308.9655172413793","176","372"
"477","308.9655172413793","176","372"
"478","308.9655172413793","176","372"
"479","308.9655172413793","176","372"
"480","308.9655172413793","176","372"
"481","308.9655172413793","176","372"
"482","308.9655172413793","176","372"
"483","308.9655172413793","176","372"
"484","308.9655172413793","176","372"
"485","308.9655172413793","176","372"
"486","308.9655172413793","176","372"
"487","308.9655172413793","176","372"
"488","308.9655172413793","176","372"
"489","308.9655172413793","176","372"
"490","308.9655172413793","176","372"
"491","308.9655172413793","176","372"
"492","308.9655172413793","176","372"
"493","308.9655172413793","176","372"
"494","308.9655172413793","176","372"
"495","308.9655172413793","176","372"
"496","308.9655172413793","176","372"
"497","308.9655172413793","176","372"
"498","308.9655172413793","176","372"
"499","308.9655172413793","176","372"
"500","308.9655172413793","176","372"
"501","308.9655172413793","176","372"
"502","308.9655172413793","176","372"
"503","308.9655172413793","176","372"
"504","308.9655172413793","176","372"
"505","308.9655172413793","176","372"
"506","308.9655172413793","176","372"
"507","308.9655172413793","176","372"
"508","308.9655172413793","176","372"
"509","308.9655172413793","176","372"
"510","308.9655172413793","176","372"
"511","308.9655172413793","176","372"
"512","308.9655172413793","176","372"
"513","308.9655172413793","176","372"
"514","308.9655172413793","176","372"
"515","308.9655172413793","176","372"
"516","308.9655172413793","176","372"
"517","308.9655172413793","176","372"
"518","308.9655172413793","176","372"
"519","308.9655172413793","176","372"
"520","308.9655172413793","176","372"
"521","308.9655172413793","176","372"
"522","308.9655172413793","176","372"
"523","308.9655172413793","176","372"
"524","308.9655172413793","176","372"
"525","308.9655172413793","176","372"
"526","308.9655172413793","176","372"
"527","308.9655172413793","176","372"
"528","308.9655172413793","176","372"
"529","308.9655172413793","176","372"
"530","308.9655172413793","176","372"
"531","308.9655172413793","176","372"
"532","308.9655172413793","176","372"
"533","308.9655172413793","176","372"
"534","308.9655172413793","176","372"
"535","308.9655172413793","176","372"
"536","308.9655172413793","176","372"
"537","308.9655172413793","176","372"
"538","308.9655172413793","176","372"
"539","308.9655172413793","176","372"
"540","308.9655172413793","176","372"
"541","308.9655172413793","176","372"
"542","308.9655172413793","176","372"
"543","308.9655172413793","176","372"
"544","308.9655172413793","176","372"
"545","308.9655172413793","176","372"
"546","308.9655172413793","176","372"
"547","308.9655172413793","176","372"
"548","308.9655172413793","176","372"
"549","308.9655172413793","176","372"
"550","308.9655172413793","176","372"
"551","308.9655172413793","176","372"
"552","308.9655172413793","176","372"
"553","308.9655172413793","176","372"
"554","308.9655172413793","176","372"
"555","308.9655172413793","176","372"
"556","308.9655172413793","176","372"
"557","308.9655172413793","176","372"
"558","308.9655172413793","176","372"
"559","308.9655172413793","176","372"
"560","308.9655172413793","176","372"
"561","308.9655172413793","176","372"
"562","308.9655172413793","176","372"
"563","308.9655172413793","176","372"
"564","308.9655172413793","176","372"
"565","308.9655172413793","176","372"
"566","308.9655172413793","176","372"
"567","308.9655172413793","176","372"
"568","308.9655172413793","176","372"
"569","308.9655172413793","176","372"
"570","308.9655172413793","176","372"
"571","308.9655172413793","176","372"
"572","308.9655172413793","176","372"
"573","308.9655172413793","176","372"
"574","308.9655172413793","176","372"
"575","308.9655172413793","176","372"
"576","308.9655172413793","176","372"
"577","308.9655172413793","176","372"
"578","308.9655172413793","176","372"
"579","308.9655172413793","176","372"
"580","308.9655172413793","176","372"
"581","308.9655172413793","176","372"
"582","308.9655172413793","176","372"
"583","308.9655172413793","176","372"
"584","308.9655172413793","176","372"
"585","308.9655172413793","176","372"
"586","308.9655172413793","176","372"
"587","308.9655172413793","176","372"
"588","308.9655172413793","176","372"
"589","308.9655172413793","176","372"
"590","308.9655172413793","176","372"
"591","308.9655172413793","176","372"
"592","308.9655172413793","176","372"
"593","308.9655172413793","176","372"
"594","308.9655172413793","176","372"
"595","308.9655172413793","176","372"
"596","308.9655172413793","176","372"
"597","308.9655172413793","176","372"
"598","308.9655172413793","176","372"
"599","308.9655172413793","176","372"
"600","308.9655172413793","176","372"
"601","308.9655172413793","176","372"
"602","308.9655172413793","176","372"
"603","308.9655172413793","176","372"
"604","308.9655172413793","176","372"
"605","308.9655172413793","176","372"
"606","308.9655172413793","176","372"
"607","308.9655172413793","176","372"
"608","308.9655172413793","176","372"
"609","308.9655172413793","176","372"
"610","308.9655172413793","176","372"
"611","308.9655172413793","176","372"
"612","308.9655172413793","176","372"
"613","308.9655172413793","176","372"
"614","308.9655172413793","176","372"
"615","308.9655172413793","176","372"
"616","308.9655172413793","176","372"
"617","308.9655172413793","176","372"
"618","308.9655172413793","176","372"
"619","308.9655172413793","176","372"
"620","308.9655172413793","176","372"
"621","308.9655172413793","176","372"
"622","308.9655172413793","176","372"
"623","308.9655172413793","176","372"
"624","308.9655172413793","176","372"
"625","308.9655172413793","176","372"
"626","308.9655172413793","176","372"
"627","308.9655172413793","176","372"
"628","308.9655172413793","176","372"
"629","308.9655172413793","176","372"
"630","308.9655172413793","176","372"
"631","308.9655172413793","176","372"
"632","308.9655172413793","176","372"
"633","308.9655172413793","176","372"
"634","308.9655172413793","176","372"
"635","308.9655172413793","176","372"
"636","308.9655172413793","176","372"
"637","308.9655172413793","176","372"
"638","308.9655172413793","176","372"
"639","308.9655172413793","176","372"
"640","308.9655172413793","176","372"
"641","308.9655172413793","176","372"
"642","308.9655172413793","176","372"
"643","308.9655172413793","176","372"
"644","308.9655172413793","176","372"
"645","308.9655172413793","176","372"
"646","308.9655172413793","176","372"
"647","308.9655172413793","176","372"
"648","308.9655172413793","176","372"
"649","308.9655172413793","176","372"
"650","308.9655172413793","176","372"
"651","308.9655172413793","176","372"
"652","308.9655172413793","176","372"
"653","308.9655172413793","176","372"
"654","308.9655172413793","176","372"
"655","308.9655172413793","176","372"
"656","308.9655172413793","176","372"
"657","308.9655172413793","176","372"
"658","308.9655172413793","176","372"
"659","308.9655172413793","176","372"
"660","308.9655172413793","176","372"
"661","308.9655172413793","176","372"
"662","308.9655172413793","176","372"
"663","308.9655172413793","176","372"
"664","308.9655172413793","176","372"
"665","308.9655172413793","176","372"
"666","308.9655172413793","176","372"
"667","308.9655172413793","176","372"
"668","308.9655172413793","176","372"
"669","308.9655172413793","176","372"
"670","308.9655172413793","176","372"
"671","308.9655172413793","176","372"
"672","308.9655172413793","176","372"
"673","308.9655172413793","176","372"
"674","308.9655172413793","176","372"
"675","308.9655172413793","176","372"
"676","308.9655172413793","176","372"
"677","308.9655172413793","176","372"
"678","308.9655172413793","176","372"
"679","308.9655172413793","176","372"
"680","308.9655172413793","176","372"
"681","308.9655172413793","176","372"
"682","308.9655172413793","176","372"
"683","308.9655172413793","176","372"
"684","308.9655172413793","176","372"
"685","308.9655172413793","176","372"
"686","308.9655172413793","176","372"
"687","308.9655172413793","176","372"
"688","308.9655172413793","176","372"
"689","308.9655172413793","176","372"
"690","308.9655172413793","176","372"
"691","308.9655172413793","176","372"
"692","308.9655172413793","176","372"
"693","308.9655172413793","176","372"
"694","308.9655172413793","176","372"
"695","308.9655172413793","176","372"
"696","308.9655172413793","176","372"
"697","308.9655172413793","176","372"
"698","308.9655172413793","176","372"
"699","308.9655172413793","176","372"
"700","308.9655172413793","176","372"
"701","308.9655172413793","176","372"
"702","308.9655172413793","176","372"
"703","308.9655172413793","176","372"
"704","308.9655172413793","176","372"
"705","308.9655172413793","176","372"
"706","308.9655172413793","176","372"
"707","308.9655172413793","176","372"
"708","308.9655172413793","176","372"
"709","308.9655172413793","176","372"
"710","308.9655172413793","176","372"
"711","308.9655172413793","176","372"
"712","308.9655172413793","176","372"
"713","308.9655172413793","176","372"
"714","308.9655172413793","176","372"
"715","308.9655172413793","176","372"
"716","308.9655172413793","176","372"
"717","308.9655172413793","176","372"
"718","308.9655172413793","176","372"
"719","308.9655172413793","176","372"
"720","308.9655172413793","176","372"
"721","308.9655172413793","176","372"
"722","308.9655172413793","176","372"
"723","308.9655172413793","176","372"
"724","308.9655172413793","176","372"
"725","308.9655172413793","176","372"
"726","308.9655172413793","176","372"
"727","308.9655172413793","176","372"
"728","308.9655172413793","176","372"
"729","308.9655172413793","176","372"
"730","308.9655172413793","176","372"
"731","308.9655172413793","176","372"
"732","308.9655172413793","176","372"
"733","308.9655172413793","176","372"
"734","308.9655172413793","176","372"
"735","308.9655172413793","176","372"
"736","308.9655172413793","176","372"
"737","308.9655172413793","176","372"
"738","308.9655172413793","176","372"
"739","308.9655172413793","176","372"
"740","308.9655172413793","176","372"
"741","308.9655172413793","176","372"
"742","308.9655172413793","176","372"
"743","308.9655172413793","176","372"
"744","308.9655172413793","176","372"
"745","308.9655172413793","176","372"
"746","308.9655172413793","176","372"
"747","308.9655172413793","176","372"
"748","308.9655172413793","176","372"
"749","308.9655172413793","176","372"
"750","308.9655172413793","176","372"
"751","308.9655172413793","176","372"
"752","308.9655172413793","176","372"
"753","308.9655172413793","176","372"
"754","308.9655172413793","176","372"
"755","308.9655172413793","176","372"
"756","308.9655172413793","176","372"
"757","308.9655172413793","176","372"
"758","308.9655172413793","176","372"
"759","308.9655172413793","176","372"
"760","308.9655172413793","176","372"
"761","308.9655172413793","176","372"
"762","308.9655172413793","176","372"
"763","308.9655172413793","176","372"
"764","308.9655172413793","176","372"
"765","308.9655172413793","176","372"
"766","308.9655172413793","176","372"
"767","308.9655172413793","176","372"
"768","308.9655172413793","176","372"
"769","308.9655172413793","176","372"
"770","308.9655172413793","176","372"
"771","308.9655172413793","176","372"
"772","308.9655172413793","176","372"
"773","308.9655172413793","176","372"
"774","308.9655172413793","176","372"
"775","308.9655172413793","176","372"
"776","308.9655172413793","176","372"
"777","308.9655172413793","176","372"
"778","308.9655172413793","176","372"
"779","308.9655172413793","176","372"
"780","308.9655172413793","176","372"
"781","308.9655172413793","176","372"
"782","308.9655172413793","176","372"
"783","308.9655172413793","176","372"
"784","308.9655172413793","176","372"
"785","308.9655172413793","176","372"
"786","308.9655172413793","176","372"
"787","308.9655172413793","176","372"
"788","308.9655172413793","176","372"
"789","308.9655172413793","176","372"
"790","308.9655172413793","176","372"
"791","308.9655172413793","176","372"
"792","308.9655172413793","176","372"
"793","308.9655172413793","176","372"
"794","308.9655172413793","176","372"
"795","308.9655172413793","176","372"
"796","308.9655172413793","176","372"
"797","308.9655172413793","176","372"
"798","308.9655172413793","176","372"
"799","308.9655172413793","176","372"
"800","308.9655172413793","176","372"
"801","308.9655172413793","176","372"
"802","308.9655172413793","176","372"
"803","308.9655172413793","176","372"
"804","308.9655172413793","176","372"
"805","308.9655172413793","176","372"
"806","308.9655172413793","176","372"
"807","308.9655172413793","176","372"
"808","308.9655172413793","176","372"
"809","308.9655172413793","176","372"
"810","308.9655172413793","176","372"
"811","308.9655172413793","176","372"
"812","308.9655172413793","176","372"
"813","308.9655172413793","176","372"
"814","308.9655172413793","176","372"
"815","308.9655172413793","176","372"
"816","308.9655172413793","176","372"
"817","308.9655172413793","176","372"
"818","308.9655172413793","176","372"
"819","308.9655172413793","176","372"
"820","308.9655172413793","176","372"
"821","308.9655172413793","176","372"
"822","308.9655172413793","176","372"
"823","308.9655172413793","176","372"
"824","308.9655172413793","176","372"
"825","308.9655172413793","176","372"
"826","308.9655172413793","176","372"
"827","308.9655172413793","176","372"
"828","308.9655172413793","176","372"
"829","308.9655172413793","176","372"
"830","308.9655172413793","176","372"
"831","308.9655172413793","176","372"
"832","308.9655172413793","176","372"
"833","308.9655172413793","176","372"
"834","308.9655172413793","176","372"
"835","308.9655172413793","176","372"
"836","308.9655172413793","176","372"
"837","308.9655172413793","176","372"
"838","308.9655172413793","176","372"
"839","308.9655172413793","176","372"
"840","308.9655172413793","176","372"
"841","308.9655172413793","176","372"
"842","308.9655172413793","176","372"
"843","308.9655172413793","176","372"
"844","308.9655172413793","176","372"
"845","308.9655172413793","176","372"
"846","308.9655172413793","176","372"
"847","308.9655172413793","176","372"
"848","308.9655172413793","176","372"
"849","308.9655172413793","176","372"
"850","308.9655172413793","176","372"
"851","308.9655172413793","176","372"
"852","308.9655172413793","176","372"
"853","308.9655172413793","176","372"
"854","308.9655172413793","176","372"
"855","308.9655172413793","176","372"
"856","308.9655172413793","176","372"
"857","308.9655172413793","176","372"
"858","308.9655172413793","176","372"
"859","308.9655172413793","176","372"
"860","308.9655172413793","176","372"
"861","308.9655172413793","176","372"
"862","308.9655172413793","176","372"
"863","308.9655172413793","176","372"
"864","308.9655172413793","176","372"
"865","308.9655172413793","176","372"
"866","308.9655172413793","176","372"
"867","308.9655172413793","176","372"
"868","308.9655172413793","176","372"
"869","308.9655172413793","176","372"
"870","308.9655172413793","176","372"
"871","308.9655172413793","176","372"
"872","308.9655172413793","176","372"
"873","308.9655172413793","176","372"
"874","308.9655172413793","176","372"
"875","308.9655172413793","176","372"
"876","308.9655172413793","176","372"
"877","308.9655172413793","176","372"
"878","308.9655172413793","176","372"
"879","308.9655172413793","176","372"
"880","308.9655172413793","176","372"
"881","308.9655172413793","176","372"
"882","308.9655172413793","176","372"
"883","308.9655172413793","176","372"
"884","308.9655172413793","176","372"
"885","308.9655172413793","176","372"
"886","308.9655172413793","176","372"
"887","308.9655172413793","176","372"
"888","308.9655172413793","176","372"
"889","308.9655172413793","176","372"
"890","308.9655172413793","176","372"
"891","308.9655172413793","176","372"
"892","308.9655172413793","176","372"
"893","308.9655172413793","176","372"
"894","308.9655172413793","176","372"
"895","308.9655172413793","176","372"
"896","308.9655172413793","176","372"
"897","308.9655172413793","176","372"
"898","308.9655172413793","176","372"
"899","308.9655172413793","176","372"
"900","308.9655172413793","176","372"
"901","308.9655172413793","176","372"
"902","308.9655172413793","176","372"
"903","308.9655172413793","176","372"
"904","308.9655172413793","176","372"
"905","308.9655172413793","176","372"
"906","308.9655172413793","176","372"
"907","308.9655172413793","176","372"
"908","308.9655172413793","176","372"
"909","308.9655172413793","176","372"
"910","308.9655172413793","176","372"
"911","308.9655172413793","176","372"
"912","308.9655172413793","176","372"
"913","308.9655172413793","176","372"
"914","308.9655172413793","176","372"
"915","308.9655172413793","176","372"
"916","308.9655172413793","176","372"
"917","308.9655172413793","176","372"
"918","308.9655172413793","176","372"
"919","308.9655172413793","176","372"
"920","308.9655172413793","176","372"
"921","308.9655172413793","176","372"
"922","308.9655172413793","176","372"
"923","308.9655172413793","176","372"
"924","308.9655172413793","176","372"
"925","308.9655172413793","176","372"
"926","308.9655172413793","176","372"
"927","308.9655172413793","176","372"
"928","308.9655172413793","176","372"
"929","308.9655172413793","176","372"
"930","308.9655172413793","176","372"
"931","308.9655172413793","176","372"
"932","308.9655172413793","176","372"
"933","308.9655172413793","176","372"
"934","308.9655172413793","176","372"
"935","308.9655172413793","176","372"
"936","308.9655172413793","176","372"
"937","308.9655172413793","176","372"
"938","308.9655172413793","176","372"
"939","308.9655172413793","176","372"
"940","308.9655172413793","176","372"
"941","308.9655172413793","176","372"
"942","308.9655172413793","176","372"
"943","308.9655172413793","176","372"
"944","308.9655172413793","176","372"
"945","308.9655172413793","176","372"
"946","308.9655172413793","176","372"
"947","308.9655172413793","176","372"
"948","308.9655172413793","176","372"
"949","308.9655172413793","176","372"
"950","308.9655172413793","176","372"
"951","308.9655172413793","176","372"
"952","308.9655172413793","176","372"
"953","308.9655172413793","176","372"
"954","308.9655172413793","176","372"
"955","308.9655172413793","176","372"
"956","308.9655172413793","176","372"
"957","308.9655172413793","176","372"
"958","308.9655172413793","176","372"
"959","308.9655172413793","176","372"
"960","308.9655172413793","176","372"
"961","308.9655172413793","176","372"
"962","308.9655172413793","176","372"
"963","308.9655172413793","176","372"
"964","308.9655172413793","176","372"
"965","308.9655172413793","176","372"
"966","308.9655172413793","176","372"
"967","308.9655172413793","176","372"
"968","308.9655172413793","176","372"
"969","308.9655172413793","176","372"
"970","308.9655172413793","176","372"
"971","308.9655172413793","176","372"
"972","308.9655172413793","176","372"
"973","308.9655172413793","176","372"
"974","308.9655172413793","176","372"
"975","308.9655172413793","176","372"
"976","308.9655172413793","176","372"
"977","308.9655172413793","176","372"
"978","308.9655172413793","176","372"
"979","308.9655172413793","176","372"
"980","308.9655172413793","176","372"
"981","308.9655172413793","176","372"
"982","308.9655172413793","176","372"
"983","308.9655172413793","176","372"
"984","308.9655172413793","176","372"
"985","308.9655172413793","176","372"
"986","308.9655172413793","176","372"
"987","308.9655172413793","176","372"
"988","308.9655172413793","176","372"
"989","308.9655172413793","176","372"
"990","308.9655172413793","176","372"
"991","308.9655172413793","176","372"
"992","308.9655172413793","176","372"
"993","308.9655172413793","176","372"
"994","308.9655172413793","176","372"
"995","308.9655172413793","176","372"
"996","308.9655172413793","176","372"
"997","308.9655172413793","176","372"
"998","308.9655172413793","176","372"
"999","308.9655172413793","176","372"
"1000","308.9655172413793","176","372"
"1001","308.9655172413793","176","372"
"1002","308.9655172413793","176","372"
"1003","308.9655172413793","176","372"
"1004","308.9655172413793","176","372"
"1005","308.9655172413793","176","372"
"1006","308.9655172413793","176","372"
"1007","308.9655172413793","176","372"
"1008","308.9655172413793","176","372"
"1009","308.9655172413793","176","372"
"1010","308.9655172413793","176","372"
"1011","308.9655172413793","176","372"
"1012","308.9655172413793","176","372"
"1013","308.9655172413793","176","372"
"1014","308.9655172413793","176","372"
"1015","308.9655172413793","176","372"
"1016","308.9655172413793","176","372"
"1017","308.9655172413793","176","372"
"1018","308.9655172413793","176","372"
"1019","308.9655172413793","176","372"
"1020","308.9655172413793","176","372"
"1021","308.9655172413793","176","372"
"1022","308.9655172413793","176","372"
"1023","308.9655172413793","176","372"
"1024","308.9655172413793","176","372"
"1025","308.9655172413793","176","372"
"1026","308.9655172413793","176","372"
"1027","308.9655172413793","176","372"
"1028","308.9655172413793","176","372"
"1029","308.9655172413793","176","372"
"1030","308.9655172413793","176","372"
"1031","308.9655172413793","176","372"
"1032","308.9655172413793","176","372"
"1033","308.9655172413793","176","372"
"1034","308.9655172413793","176","372"
"1035","308.9655172413793","176","372"
"1036","308.9655172413793","176","372"
"1037","308.9655172413793","176","372"
"1038","308.9655172413793","176","372"
"1039","308.9655172413793","176","372"
"1040","308.9655172413793","176","372"
"1041","308.9655172413793","176","372"
"1042","308.9655172413793","176","372"
"1043","308.9655172413793","176","372"
"1044","308.9655172413793","176","372"
"1045","308.9655172413793","176","372"
"1046","308.9655172413793","176","372"
"1047","308.9655172413793","176","372"
"1048","308.9655172413793","176","372"
"1049","308.9655172413793","176","372"
"1050","308.9655172413793","176","372"
"1051","308.9655172413793","176","372"
"1052","308.9655172413793","176","372"
"1053","308.9655172413793","176","372"
"1054","308.9655172413793","176","372"
"1055","308.9655172413793","176","372"
"1056","308.9655172413793","176","372"
"1057","308.9655172413793","176","372"
"1058","308.9655172413793","176","372"
"1059","308.9655172413793","176","372"
"1060","308.9655172413793","176","372"
"1061","308.9655172413793","176","372"
"1062","308.9655172413793","176","372"
"1063","308.9655172413793","176","372"
"1064","308.9655172413793","176","372"
"1065","308.9655172413793","176","372"
"1066","308.9655172413793","176","372"
"1067","308.9655172413793","176","372"
"1068","308.9655172413793","176","372"
"1069","308.9655172413793","176","372"
"1070","308.9655172413793","176","372"
"1071","308.9655172413793","176","372"
"1072","308.9655172413793","176","372"
"1073","308.9655172413793","176","372"
"1074","308.9655172413793","176","372"
"1075","308.9655172413793","176","372"
"1076","308.9655172413793","176","372"
"1077","308.9655172413793","176","372"
"1078","308.9655172413793","176","372"
"1079","308.9655172413793","176","372"
"1080","308.9655172413793","176","372"
"1081","308.9655172413793","176","372"
"1082","308.9655172413793","176","372"
"1083","308.9655172413793","176","372"
"1084","308.9655172413793","176","372"
"1085","308.9655172413793","176","372"
"1086","308.9655172413793","176","372"
"1087","308.9655172413793","176","372"
"1088","308.9655172413793","176","372"
"1089","308.9655172413793","176","372"
"1090","308.9655172413793","176","372"
"1091","308.9655172413793","176","372"
"1092","308.9655172413793","176","372"
"1093","308.9655172413793","176","372"
"1094","308.9655172413793","176","372"
"1095","308.9655172413793","176","372"
"1096","308.9655172413793","176","372"
"1097","308.9655172413793","176","372"
"1098","308.9655172413793","176","372"
"1099","308.9655172413793","176","372"
"1100","308.9655172413793","176","372"
"1101","308.9655172413793","176","372"
"1102","308.9655172413793","176","372"
"1103","308.9655172413793","176","372"
"1104","308.9655172413793","176","372"
"1105","308.9655172413793","176","372"
"1106","308.9655172413793","176","372"
"1107","308.9655172413793","176","372"
"1108","308.9655172413793","176","372"
"1109","308.9655172413793","176","372"
"1110","308.9655172413793","176","372"
"1111","308.9655172413793","176","372"
"1112","308.9655172413793","176","372"
"1113","308.9655172413793","176","372"
"1114","308.9655172413793","176","372"
"1115","308.9655172413793","176","372"
"1116","308.9655172413793","176","372"
"1117","308.9655172413793","176","372"
"1118","308.9655172413793","176","372"
"1119","308.9655172413793","176","372"
"1120","308.9655172413793","176","372"
"1121","308.9655172413793","176","372"
"1122","308.9655172413793","176","372"
"1123","308.9655172413793","176","372"
"1124","308.9655172413793","176","372"
"1125","308.9655172413793","176","372"
"1126","308.9655172413793","176","372"
"1127","308.9655172413793","176","372"
"1128","308.9655172413793","176","372"
"1129","308.9655172413793","176","372"
"1130","308.9655172413793","176","372"
"1131","308.9655172413793","176","372"
"1132","308.9655172413793","176","372"
"1133","308.9655172413793","176","372"
"1134","308.9655172413793","176","372"
"1135","308.9655172413793","176","372"
"1136","308.9655172413793","176","372"
"1137","308.9655172413793","176","372"
"1138","308.9655172413793","176","372"
"1139","308.9655172413793","176","372"
"1140","308.9655172413793","176","372"
"1141","308.9655172413793","176","372"
"1142","308.9655172413793","176","372"
"1143","308.9655172413793","176","372"
"1144","308.9655172413793","176","372"
"1145","308.9655172413793","176","372"
"1146","308.9655172413793","176","372"
"1147","308.9655172413793","176","372"
"1148","308.9655172413793","176","372"
"1149","308.9655172413793","176","372"
"1150","308.9655172413793","176","372"
"1151","308.9655172413793","176","372"
"1152","308.9655172413793","176","372"
"1153","308.9655172413793","176","372"
"1154","308.9655172413793","176","372"
"1155","308.9655172413793","176","372"
"1156","308.9655172413793","176","372"
"1157","308.9655172413793","176","372"
"1158","308.9655172413793","176","372"
"1159","308.9655172413793","176","372"
"1160","308.9655172413793","176","372"
"1161","308.9655172413793","176","372"
"1162","308.9655172413793","176","372"
"1163","308.9655172413793","176","372"
"1164","308.9655172413793","176","372"
"1165","308.9655172413793","176","372"
"1166","308.9655172413793","176","372"
"1167","308.9655172413793","176","372"
"1168","308.9655172413793","176","372"
"1169","308.9655172413793","176","372"
"1170","308.9655172413793","176","372"
"1171","308.9655172413793","176","372"
"1172","308.9655172413793","176","372"
"1173","308.9655172413793","176","372"
"1174","308.9655172413793","176","372"
"1175","308.9655172413793","176","372"
"1176","308.9655172413793","176","372"
"1177","308.9655172413793","176","372"
"1178","308.9655172413793","176","372"
"1179","308.9655172413793","176","372"
"1180","308.9655172413793","176","372"
"1181","308.9655172413793","176","372"
"1182","308.9655172413793","176","372"
"1183","308.9655172413793","176","372"
"1184","308.9655172413793","176","372"
"1185","308.9655172413793","176","372"
"1186","308.9655172413793","176","372"
"1187","308.9655172413793","176","372"
"1188","308.9655172413793","176","372"
"1189","308.9655172413793","176","372"
"1190","308.9655172413793","176","372"
"1191","308.9655172413793","176","372"
"1192","308.9655172413793","176","372"
"1193","308.9655172413793","176","372"
"1194","308.9655172413793","176","372"
"1195","308.9655172413793","176","372"
"1196","308.9655172413793","176","372"
"1197","308.9655172413793","176","372"
"1198","308.9655172413793","176","372"
"1199","308.9655172413793","176","372"
"1200","308.9655172413793","176","372"
"1201","308.9655172413793","176","372"
"1202","308.9655172413793","176","372"
"1203","308.9655172413793","176","372"
"1204","308.9655172413793","176","372"
"1205","308.9655172413793","176","372"
"1206","308.9655172413793","176","372"
"1207","308.9655172413793","176","372"
"1208","308.9655172413793","176","372"
"1209","308.9655172413793","176","372"
"1210","308.9655172413793","176","372"
"1211","308.9655172413793","176","372"
"1212","308.9655172413793","176","372"
"1213","308.9655172413793","176","372"
"1214","308.9655172413793","176","372"
"1215","308.9655172413793","176","372"
"1216","308.9655172413793","176","372"
"1217","308.9655172413793","176","372"
"1218","308.9655172413793","176","372"
"1219","308.9655172413793","176","372"
"1220","308.9655172413793","176","372"
"1221","308.9655172413793","176","372"
"1222","308.9655172413793","176","372"
"1223","308.9655172413793","176","372"
"1224","308.9655172413793","176","372"
"1225","308.9655172413793","176","372"
"1226","308.9655172413793","176","372"
"1227","308.9655172413793","176","372"
"1228","308.9655172413793","176","372"
"1229","308.9655172413793","176","372"
"1230","308.9655172413793","176","372"
"1231","308.9655172413793","176","372"
"1232","308.9655172413793","176","372"
"1233","308.9655172413793","176","372"
"1234","308.9655172413793","176","372"
"1235","308.9655172413793","176","372"
"1236","308.9655172413793","176","372"
"1237","308.9655172413793","176","372"
"1238","308.9655172413793","176","372"
"1239","308.9655172413793","176","372"
"1240","308.9655172413793","176","372"
"1241","308.9655172413793","176","372"
"1242","308.9655172413793","176","372"
"1243","308.9655172413793","176","372"
"1244","308.9655172413793","176","372"
"1245","308.9655172413793","176","372"
"1246","308.9655172413793","176","372"
"1247","308.9655172413793","176","372"
"1248","308.9655172413793","176","372"
"1249","308.9655172413793","176","372"
"1250","308.9655172413793","176","372"
"1251","308.9655172413793","176","372"
"1252","308.9655172413793","176","372"
"1253","308.9655172413793","176","372"
"1254","308.9655172413793","176","372"
"1255","308.9655172413793","176","372"
"1256","308.9655172413793","176","372"
"1257","308.9655172413793","176","372"
"1258","308.9655172413793","176","372"
"1259","308.9655172413793","176","372"
"1260","308.9655172413793","176","372"
"1261","308.9655172413793","176","372"
"1262","308.9655172413793","176","372"
"1263","308.9655172413793","176","372"
"1264","308.9655172413793","176","372"
"1265","308.9655172413793","176","372"
"1266","308.9655172413793","176","372"
"1267","308.9655172413793","176","372"
"1268","308.9655172413793","176","372"
"1269","308.9655172413793","176","372"
"1270","308.9655172413793","176","372"
"1271","308.9655172413793","176","372"
"1272","308.9655172413793","176","372"
"1273","308.9655172413793","176","372"
"1274","308.9655172413793","176","372"
"1275","308.9655172413793","176","372"
"1276","308.9655172413793","176","372"
"1277","308.9655172413793","176","372"
"1278","308.9655172413793","176","372"
"1279","308.9655172413793","176","372"
"1280","308.9655172413793","176","372"
"1281","308.9655172413793","176","372"
"1282","308.9655172413793","176","372"
"1283","308.9655172413793","176","372"
"1284","308.9655172413793","176","372"
"1285","308.9655172413793","176","372"
"1286","308.9655172413793","176","372"
"1287","308.9655172413793","176","372"
"1288","308.9655172413793","176","372"
"1289","308.9655172413793","176","372"
"1290","308.9655172413793","176","372"
"1291","308.9655172413793","176","372"
"1292","308.9655172413793","176","372"
"1293","308.9655172413793","176","372"
"1294","308.9655172413793","176","372"
"1295","308.9655172413793","176","372"
"1296","308.9655172413793","176","372"
"1297","308.9655172413793","176","372"
"1298","308.9655172413793","176","372"
"1299","308.9655172413793","176","372"
"1300","308.9655172413793","176","372"
"1301","308.9655172413793","176","372"
"1302","308.9655172413793","176","372"
"1303","308.9655172413793","176","372"
"1304","308.9655172413793","176","372"
"1305","308.9655172413793","176","372"
"1306","308.9655172413793","176","372"
"1307","308.9655172413793","176","372"
"1308","308.9655172413793","176","372"
"1309","308.9655172413793","176","372"
"1310","308.9655172413793","176","372"
"1311","308.9655172413793","176","372"
"1312","308.9655172413793","176","372"
"1313","308.9655172413793","176","372"
"1314","308.9655172413793","176","372"
"1315","308.9655172413793","176","372"
"1316","308.9655172413793","176","372"
"1317","308.9655172413793","176","372"
"1318","308.9655172413793","176","372"
"1319","308.9655172413793","176","372"
"1320","308.9655172413793","176","372"
"1321","308.9655172413793","176","372"
"1322","308.9655172413793","176","372"
"1323","308.9655172413793","176","372"
"1324","308.9655172413793","176","372"
"1325","308.9655172413793","176","372"
"1326","308.9655172413793","176","372"
"1327","308.9655172413793","176","372"
"1328","308.9655172413793","176","372"
"1329","308.9655172413793","176","372"
"1330","308.9655172413793","176","372"
"1331","308.9655172413793","176","372"
"1332","308.9655172413793","176","372"
"1333","308.9655172413793","176","372"
"1334","308.9655172413793","176","372"
"1335","308.9655172413793","176","372"
"1336","308.9655172413793","176","372"
"1337","308.9655172413793","176","372"
"1338","308.9655172413793","176","372"
"1339","308.9655172413793","176","372"
"1340","308.9655172413793","176","372"
"1341","308.9655172413793","176","372"
"1342","308.9655172413793","176","372"
"1343","308.9655172413793","176","372"
"1344","308.9655172413793","176","372"
"1345","308.9655172413793","176","372"
"1346","308.9655172413793","176","372"
"1347","308.9655172413793","176","372"
"1348","308.9655172413793","176","372"
"1349","308.9655172413793","176","372"
"1350","308.9655172413793","176","372"
"1351","308.9655172413793","176","372"
"1352","308.9655172413793","176","372"
"1353","308.9655172413793","176","372"
"1354","308.9655172413793","176","372"
"1355","308.9655172413793","176","372"
"1356","308.9655172413793","176","372"
"1357","308.9655172413793","176","372"
"1358","308.9655172413793","176","372"
"1359","308.9655172413793","176","372"
"1360","308.9655172413793","176","372"
"1361","308.9655172413793","176","372"
"1362","308.9655172413793","176","372"
"1363","308.9655172413793","176","372"
"1364","308.9655172413793","176","372"
"1365","308.9655172413793","176","372"
"1366","308.9655172413793","176","372"
"1367","308.9655172413793","176","372"
"1368","308.9655172413793","176","372"
"1369","308.9655172413793","176","372"
"1370","308.9655172413793","176","372"
"1371","308.9655172413793","176","372"
"1372","308.9655172413793","176","372"
"1373","308.9655172413793","176","372"
"1374","308.9655172413793","176","372"
"1375","308.9655172413793","176","372"
"1376","308.9655172413793","176","372"
"1377","308.9655172413793","176","372"
"1378","308.9655172413793","176","372"
"1379","308.9655172413793","176","372"
"1380","308.9655172413793","176","372"
"1381","308.9655172413793","176","372"
"1382","308.9655172413793","176","372"
"1383","308.9655172413793","176","372"
"1384","308.9655172413793","176","372"
"1385","308.9655172413793","176","372"
"1386","308.9655172413793","176","372"
"1387","308.9655172413793","176","372"
"1388","308.9655172413793","176","372"
"1389","308.9655172413793","176","372"
"1390","308.9655172413793","176","372"
"1391","308.9655172413793","176","372"
"1392","308.9655172413793","176","372"
"1393","308.9655172413793","176","372"
"1394","308.9655172413793","176","372"
"1395","308.9655172413793","176","372"
"1396","308.9655172413793","176","372"
"1397","308.9655172413793","176","372"
"1398","308.9655172413793","176","372"
"1399","308.9655172413793","176","372"
"1400","308.9655172413793","176","372"
"1401","308.9655172413793","176","372"
"1402","308.9655172413793","176","372"
"1403","308.9655172413793","176","372"
"1404","308.9655172413793","176","372"
"1405","308.9655172413793","176","372"
"1406","308.9655172413793","176","372"
"1407","308.9655172413793","176","372"
"1408","308.9655172413793","176","372"
"1409","308.9655172413793","176","372"
"1410","308.9655172413793","176","372"
"1411","308.9655172413793","176","372"
"1412","308.9655172413793","176","372"
"1413","308.9655172413793","176","372"
"1414","308.9655172413793","176","372"
"1415","308.9655172413793","176","372"
"1416","308.9655172413793","176","372"
"1417","308.9655172413793","176","372"
"1418","308.9655172413793","176","372"
"1419","308.9655172413793","176","372"
"1420","308.9655172413793","176","372"
"1421","308.9655172413793","176","372"
"1422","308.9655172413793","176","372"
"1423","308.9655172413793","176","372"
"1424","308.9655172413793","176","372"
"1425","308.9655172413793","176","372"
"1426","308.9655172413793","176","372"
"1427","308.9655172413793","176","372"
"1428","308.9655172413793","176","372"
"1429","308.9655172413793","176","372"
"1430","308.9655172413793","176","372"
"1431","308.9655172413793","176","372"
"1432","308.9655172413793","176","372"
"1433","308.9655172413793","176","372"
"1434","308.9655172413793","176","372"
"1435","308.9655172413793","176","372"
"1436","308.9655172413793","176","372"
"1437","308.9655172413793","176","372"
"1438","308.9655172413793","176","372"
"1439","308.9655172413793","176","372"
"1440","308.9655172413793","176","372"
"1441","308.9655172413793","176","372"
"1442","308.9655172413793","176","372"
"1443","308.9655172413793","176","372"
"1444","308.9655172413793","176","372"
"1445","308.9655172413793","176","372"
"1446","308.9655172413793","176","372"
"1447","308.9655172413793","176","372"
"1448","308.9655172413793","176","372"
"1449","308.9655172413793","176","372"
"1450","308.9655172413793","176","372"
"1451","308.9655172413793","176","372"
"1452","308.9655172413793","176","372"
"1453","308.9655172413793","176","372"
"1454","308.9655172413793","176","372"
"1455","308.9655172413793","176","372"
"1456","308.9655172413793","176","372"
"1457","308.9655172413793","176","372"
"1458","308.9655172413793","176","372"
"1459","308.9655172413793","176","372"
"1460","308.9655172413793","176","372"
"1461","308.9655172413793","176","372"
"1462","308.9655172413793","176","372"
"1463","308.9655172413793","176","372"
"1464","308.9655172413793","176","372"
"1465","308.9655172413793","176","372"
"1466","308.9655172413793","176","372"
"1467","308.9655172413793","176","372"
"1468","308.9655172413793","176","372"
"1469","308.9655172413793","176","372"
"1470","308.9655172413793","176","372"
"1471","308.9655172413793","176","372"
"1472","308.9655172413793","176","372"
"1473","308.9655172413793","176","372"
"1474","308.9655172413793","176","372"
"1475","308.9655172413793","176","372"
"1476","308.9655172413793","176","372"
"1477","308.9655172413793","176","372"
"1478","308.9655172413793","176","372"
"1479","308.9655172413793","176","372"
"1480","308.9655172413793","176","372"
"1481","308.9655172413793","176","372"
"1482","308.9655172413793","176","372"
"1483","308.9655172413793","176","372"
"1484","308.9655172413793","176","372"
"1485","308.9655172413793","176","372"
"1486","308.9655172413793","176","372"
"1487","308.9655172413793","176","372"
"1488","308.9655172413793","176","372"
"1489","308.9655172413793","176","372"
"1490","308.9655172413793","176","372"
"1491","308.9655172413793","176","372"
"1492","308.9655172413793","176","372"
"1493","308.9655172413793","176","372"
"1494","308.9655172413793","176","372"
"1495","308.9655172413793","176","372"
"1496","308.9655172413793","176","372"
"1497","308.9655172413793","176","372"
"1498","308.9655172413793","176","372"
"1499","308.9655172413793","176","372"
"1500","308.9655172413793","176","372"
"1501","308.9655172413793","176","372"
"1502","308.9655172413793","176","372"
"1503","308.9655172413793","176","372"
"1504","308.9655172413793","176","372"
"1505","308.9655172413793","176","372"
"1506","308.9655172413793","176","372"
"1507","308.9655172413793","176","372"
"1508","308.9655172413793","176","372"
"1509","308.9655172413793","176","372"
"1510","308.9655172413793","176","372"
"1511","308.9655172413793","176","372"
"1512","308.9655172413793","176","372"
"1513","308.9655172413793","176","372"
"1514","308.9655172413793","176","372"
"1515","308.9655172413793","176","372"
"1516","308.9655172413793","176","372"
"1517","308.9655172413793","176","372"
"1518","308.9655172413793","176","372"
"1519","308.9655172413793","176","372"
"1520","308.9655172413793","176","372"
"1521","308.9655172413793","176","372"
"1522","308.9655172413793","176","372"
"1523","308.9655172413793","176","372"
"1524","308.9655172413793","176","372"
"1525","308.9655172413793","176","372"
"1526","308.9655172413793","176","372"
"1527","308.9655172413793","176","372"
"1528","308.9655172413793","176","372"
"1529","308.9655172413793","176","372"
"1530","308.9655172413793","176","372"
"1531","308.9655172413793","176","372"
"1532","308.9655172413793","176","372"
"1533","308.9655172413793","176","372"
"1534","308.9655172413793","176","372"
"1535","308.9655172413793","176","372"
"1536","308.9655172413793","176","372"
"1537","308.9655172413793","176","372"
"1538","308.9655172413793","176","372"
"1539","308.9655172413793","176","372"
"1540","308.9655172413793","176","372"
"1541","308.9655172413793","176","372"
"1542","308.9655172413793","176","372"
"1543","308.9655172413793","176","372"
"1544","308.9655172413793","176","372"
"1545","308.9655172413793","176","372"
"1546","308.9655172413793","176","372"
"1547","308.9655172413793","176","372"
"1548","308.9655172413793","176","372"
"1549","308.9655172413793","176","372"
"1550","308.9655172413793","176","372"
"1551","308.9655172413793","176","372"
"1552","308.9655172413793","176","372"
"1553","308.9655172413793","176","372"
"1554","308.9655172413793","176","372"
"1555","308.9655172413793","176","372"
"1556","308.9655172413793","176","372"
"1557","308.9655172413793","176","372"
"1558","308.9655172413793","176","372"
"1559","308.9655172413793","176","372"
"1560","308.9655172413793","176","372"
"1561","308.9655172413793","176","372"
"1562","308.9655172413793","176","372"
"1563","308.9655172413793","176","372"
"1564","308.9655172413793","176","372"
"1565","308.9655172413793","176","372"
"1566","308.9655172413793","176","372"
"1567","308.9655172413793","176","372"
"1568","308.9655172413793","176","372"
"1569","308.9655172413793","176","372"
"1570","308.9655172413793","176","372"
"1571","308.9655172413793","176","372"
"1572","308.9655172413793","176","372"
"1573","308.9655172413793","176","372"
"1574","308.9655172413793","176","372"
"1575","308.9655172413793","176","372"
"1576","308.9655172413793","176","372"
"1577","308.9655172413793","176","372"
"1578","308.9655172413793","176","372"
"1579","308.9655172413793","176","372"
"1580","308.9655172413793","176","372"
"1581","308.9655172413793","176","372"
"1582","308.9655172413793","176","372"
"1583","308.9655172413793","176","372"
"1584","308.9655172413793","176","372"
"1585","308.9655172413793","176","372"
"1586","308.9655172413793","176","372"
"1587","308.9655172413793","176","372"
"1588","308.9655172413793","176","372"
"1589","308.9655172413793","176","372"
"1590","308.9655172413793","176","372"
"1591","308.9655172413793","176","372"
"1592","308.9655172413793","176","372"
"1593","308.9655172413793","176","372"
"1594","308.9655172413793","176","372"
"1595","308.9655172413793","176","372"
"1596","308.9655172413793","176","372"
"1597","308.9655172413793","176","372"
"1598","308.9655172413793","176","372"
"1599","308.9655172413793","176","372"
"1600","308.9655172413793","176","372"
"1601","308.9655172413793","176","372"
"1602","308.9655172413793","176","372"
"1603","308.9655172413793","176","372"
"1604","308.9655172413793","176","372"
"1605","308.9655172413793","176","372"
"1606","308.9655172413793","176","372"
"1607","308.9655172413793","176","372"
"1608","308.9655172413793","176","372"
"1609","308.9655172413793","176","372"
"1610","308.9655172413793","176","372"
"1611","308.9655172413793","176","372"
"1612","308.9655172413793","176","372"
"1613","308.9655172413793","176","372"
"1614","308.9655172413793","176","372"
"1615","308.9655172413793","176","372"
"1616","308.9655172413793","176","372"
"1617","308.9655172413793","176","372"
"1618","308.9655172413793","176","372"
"1619","308.9655172413793","176","372"
"1620","308.9655172413793","176","372"
"1621","308.9655172413793","176","372"
"1622","308.9655172413793","176","372"
"1623","308.9655172413793","176","372"
"1624","308.9655172413793","176","372"
"1625","308.9655172413793","176","372"
"1626","308.9655172413793","176","372"
"1627","308.9655172413793","176","372"
"1628","308.9655172413793","176","372"
"1629","308.9655172413793","176","372"
"1630","308.9655172413793","176","372"
"1631","308.9655172413793","176","372"
"1632","308.9655172413793","176","372"
"1633","308.9655172413793","176","372"
"1634","308.9655172413793","176","372"
"1635","308.9655172413793","176","372"
"1636","308.9655172413793","176","372"
"1637","308.9655172413793","176","372"
"1638","308.9655172413793","176","372"
"1639","308.9655172413793","176","372"
"1640","308.9655172413793","176","372"
"1641","308.9655172413793","176","372"
"1642","308.9655172413793","176","372"
"1643","308.9655172413793","176","372"
"1644","308.9655172413793","176","372"
"1645","308.9655172413793","176","372"
"1646","308.9655172413793","176","372"
"1647","308.9655172413793","176","372"
"1648","308.9655172413793","176","372"
"1649","308.9655172413793","176","372"
"1650","308.9655172413793","176","372"
"1651","308.9655172413793","176","372"
"1652","308.9655172413793","176","372"
"1653","308.9655172413793","176","372"
"1654","308.9655172413793","176","372"
"1655","308.9655172413793","176","372"
"1656","308.9655172413793","176","372"
"1657","308.9655172413793","176","372"
"1658","308.9655172413793","176","372"
"1659","308.9655172413793","176","372"
"1660","308.9655172413793","176","372"
"1661","308.9655172413793","176","372"
"1662","308.9655172413793","176","372"
"1663","308.9655172413793","176","372"
"1664","308.9655172413793","176","372"
"1665","308.9655172413793","176","372"
"1666","308.9655172413793","176","372"
"1667","308.9655172413793","176","372"
"1668","308.9655172413793","176","372"
"1669","308.9655172413793","176","372"
"1670","308.9655172413793","176","372"
"1671","308.9655172413793","176","372"
"1672","308.9655172413793","176","372"
"1673","308.9655172413793","176","372"
"1674","308.9655172413793","176","372"
"1675","308.9655172413793","176","372"
"1676","308.9655172413793","176","372"
"1677","308.9655172413793","176","372"
"1678","308.9655172413793","176","372"
"1679","308.9655172413793","176","372"
"1680","308.9655172413793","176","372"
"1681","308.9655172413793","176","372"
"1682","308.9655172413793","176","372"
"1683","308.9655172413793","176","372"
"1684","308.9655172413793","176","372"
"1685","308.9655172413793","176","372"
"1686","308.9655172413793","176","372"
"1687","308.9655172413793","176","372"
"1688","308.9655172413793","176","372"
"1689","308.9655172413793","176","372"
"1690","308.9655172413793","176","372"
"1691","308.9655172413793","176","372"
"1692","308.9655172413793","176","372"
"1693","308.9655172413793","176","372"
"1694","308.9655172413793","176","372"
"1695","308.9655172413793","176","372"
"1696","308.9655172413793","176","372"
"1697","308.9655172413793","176","372"
"1698","308.9655172413793","176","372"
"1699","308.9655172413793","176","372"
"1700","308.9655172413793","176","372"
"1701","308.9655172413793","176","372"
"1702","308.9655172413793","176","372"
"1703","308.9655172413793","176","372"
"1704","308.9655172413793","176","372"
"1705","308.9655172413793","176","372"
"1706","308.9655172413793","176","372"
"1707","308.9655172413793","176","372"
"1708","308.9655172413793","176","372"
"1709","308.9655172413793","176","372"
"1710","308.9655172413793","176","372"
"1711","308.9655172413793","176","372"
"1712","308.9655172413793","176","372"
"1713","308.9655172413793","176","372"
"1714","308.9655172413793","176","372"
"1715","308.9655172413793","176","372"
"1716","308.9655172413793","176","372"
"1717","308.9655172413793","176","372"
"1718","308.9655172413793","176","372"
"1719","308.9655172413793","176","372"
"1720","308.9655172413793","176","372"
"1721","308.9655172413793","176","372"
"1722","308.9655172413793","176","372"
"1723","308.9655172413793","176","372"
"1724","308.9655172413793","176","372"
"1725","308.9655172413793","176","372"
"1726","308.9655172413793","176","372"
"1727","308.9655172413793","176","372"
"1728","308.9655172413793","176","372"
"1729","308.9655172413793","176","372"
"1730","308.9655172413793","176","372"
"1731","308.9655172413793","176","372"
"1732","308.9655172413793","176","372"
"1733","308.9655172413793","176","372"
"1734","308.9655172413793","176","372"
"1735","308.9655172413793","176","372"
"1736","308.9655172413793","176","372"
"1737","308.9655172413793","176","372"
"1738","308.9655172413793","176","372"
"1739","308.9655172413793","176","372"
"1740","308.9655172413793","176","372"
"1741","308.9655172413793","176","372"
"1742","308.9655172413793","176","372"
"1743","308.9655172413793","176","372"
"1744","308.9655172413793","176","372"
"1745","308.9655172413793","176","372"
"1746","308.9655172413793","176","372"
"1747","308.9655172413793","176","372"
"1748","308.9655172413793","176","372"
"1749","308.9655172413793","176","372"
"1750","308.9655172413793","176","372"
"1751","308.9655172413793","176","372"
"1752","308.9655172413793","176","372"
"1753","308.9655172413793","176","372"
"1754","308.9655172413793","176","372"
"1755","308.9655172413793","176","372"
"1756","308.9655172413793","176","372"
"1757","308.9655172413793","176","372"
"1758","308.9655172413793","176","372"
"1759","308.9655172413793","176","372"
"1760","308.9655172413793","176","372"
"1761","308.9655172413793","176","372"
"1762","308.9655172413793","176","372"
"1763","308.9655172413793","176","372"
"1764","308.9655172413793","176","372"
"1765","308.9655172413793","176","372"
"1766","308.9655172413793","176","372"
"1767","308.9655172413793","176","372"
"1768","308.9655172413793","176","372"
"1769","308.9655172413793","176","372"
"1770","308.9655172413793","176","372"
"1771","308.9655172413793","176","372"
"1772","308.9655172413793","176","372"
"1773","308.9655172413793","176","372"
"1774","308.9655172413793","176","372"
"1775","308.9655172413793","176","372"
"1776","308.9655172413793","176","372"
"1777","308.9655172413793","176","372"
"1778","308.9655172413793","176","372"
"1779","308.9655172413793","176","372"
"1780","308.9655172413793","176","372"
"1781","308.9655172413793","176","372"
"1782","308.9655172413793","176","372"
"1783","308.9655172413793","176","372"
"1784","308.9655172413793","176","372"
"1785","308.9655172413793","176","372"
"1786","308.9655172413793","176","372"
"1787","308.9655172413793","176","372"
"1788","308.9655172413793","176","372"
"1789","308.9655172413793","176","372"
"1790","308.9655172413793","176","372"
"1791","308.9655172413793","176","372"
"1792","308.9655172413793","176","372"
"1793","308.9655172413793","176","372"
"1794","308.9655172413793","176","372"
"1795","308.9655172413793","176","372"
"1796","308.9655172413793","176","372"
"1797","308.9655172413793","176","372"
"1798","308.9655172413793","176","372"
"1799","308.9655172413793","176","372"
"1800","308.9655172413793","176","372"
"1801","308.9655172413793","176","372"
"1802","308.9655172413793","176","372"
"1803","308.9655172413793","176","372"
"1804","308.9655172413793","176","372"
"1805","308.9655172413793","176","372"
"1806","308.9655172413793","176","372"
"1807","308.9655172413793","176","372"
"1808","308.9655172413793","176","372"
"1809","308.9655172413793","176","372"
"1810","308.9655172413793","176","372"
"1811","308.9655172413793","176","372"
"1812","308.9655172413793","176","372"
"1813","308.9655172413793","176","372"
"1814","308.9655172413793","176","372"
"1815","308.9655172413793","176","372"
"1816","308.9655172413793","176","372"
"1817","308.9655172413793","176","372"
"1818","308.9655172413793","176","372"
"1819","308.9655172413793","176","372"
"1820","308.9655172413793","176","372"
"1821","308.9655172413793","176","372"
"1822","308.9655172413793","176","372"
"1823","308.9655172413793","176","372"
"1824","308.9655172413793","176","372"
"1825","308.9655172413793","176","372"
"1826","308.9655172413793","176","372"
"1827","308.9655172413793","176","372"
"1828","308.9655172413793","176","372"
"1829","308.9655172413793","176","372"
"1830","308.9655172413793","176","372"
"1831","308.9655172413793","176","372"
"1832","308.9655172413793","176","372"
"1833","308.9655172413793","176","372"
"1834","308.9655172413793","176","372"
"1835","308.9655172413793","176","372"
"1836","308.9655172413793","176","372"
"1837","308.9655172413793","176","372"
"1838","308.9655172413793","176","372"
"1839","308.9655172413793","176","372"
"1840","308.9655172413793","176","372"
"1841","308.9655172413793","176","372"
"1842","308.9655172413793","176","372"
"1843","308.9655172413793","176","372"
"1844","308.9655172413793","176","372"
"1845","308.9655172413793","176","372"
"1846","308.9655172413793","176","372"
"1847","308.9655172413793","176","372"
"1848","308.9655172413793","176","372"
"1849","308.9655172413793","176","372"
"1850","308.9655172413793","176","372"
"1851","308.9655172413793","176","372"
"1852","308.9655172413793","176","372"
"1853","308.9655172413793","176","372"
"1854","308.9655172413793","176","372"
"1855","308.9655172413793","176","372"
"1856","308.9655172413793","176","372"
"1857","308.9655172413793","176","372"
"1858","308.9655172413793","176","372"
"1859","308.9655172413793","176","372"
"1860","308.9655172413793","176","372"
"1861","308.9655172413793","176","372"
"1862","308.9655172413793","176","372"
"1863","308.9655172413793","176","372"
"1864","308.9655172413793","176","372"
"1865","308.9655172413793","176","372"
"1866","308.9655172413793","176","372"
"1867","308.9655172413793","176","372"
"1868","308.9655172413793","176","372"
"1869","308.9655172413793","176","372"
"1870","308.9655172413793","176","372"
"1871","308.9655172413793","176","372"
"1872","308.9655172413793","176","372"
"1873","308.9655172413793","176","372"
"1874","308.9655172413793","176","372"
"1875","308.9655172413793","176","372"
"1876","308.9655172413793","176","372"
"1877","308.9655172413793","176","372"
"1878","308.9655172413793","176","372"
"1879","308.9655172413793","176","372"
"1880","308.9655172413793","176","372"
"1881","308.9655172413793","176","372"
"1882","308.9655172413793","176","372"
"1883","308.9655172413793","176","372"
"1884","308.9655172413793","176","372"
"1885","308.9655172413793","176","372"
"1886","308.9655172413793","176","372"
"1887","308.9655172413793","176","372"
"1888","308.9655172413793","176","372"
"1889","308.9655172413793","176","372"
"1890","308.9655172413793","176","372"
"1891","308.9655172413793","176","372"
"1892","308.9655172413793","176","372"
"1893","308.9655172413793","176","372"
"1894","308.9655172413793","176","372"
"1895","308.9655172413793","176","372"
"1896","308.9655172413793","176","372"
"1897","308.9655172413793","176","372"
"1898","308.9655172413793","176","372"
"1899","308.9655172413793","176","372"
"1900","308.9655172413793","176","372"
"1901","308.9655172413793","176","372"
"1902","308.9655172413793","176","372"
"1903","308.9655172413793","176","372"
"1904","308.9655172413793","176","372"
"1905","308.9655172413793","176","372"
"1906","308.9655172413793","176","372"
"1907","308.9655172413793","176","372"
"1908","308.9655172413793","176","372"
"1909","308.9655172413793","176","372"
"1910","308.9655172413793","176","372"
"1911","308.9655172413793","176","372"
"1912","308.9655172413793","176","372"
"1913","308.9655172413793","176","372"
"1914","308.9655172413793","176","372"
"1915","308.9655172413793","176","372"
"1916","308.9655172413793","176","372"
"1917","308.9655172413793","176","372"
"1918","308.9655172413793","176","372"
"1919","308.9655172413793","176","372"
"1920","308.9655172413793","176","372"
"1921","308.9655172413793","176","372"
"1922","308.9655172413793","176","372"
"1923","308.9655172413793","176","372"
"1924","308.9655172413793","176","372"
"1925","308.9655172413793","176","372"
"1926","308.9655172413793","176","372"
"1927","308.9655172413793","176","372"
"1928","308.9655172413793","176","372"
"1929","308.9655172413793","176","372"
"1930","308.9655172413793","176","372"
"1931","308.9655172413793","176","372"
"1932","308.9655172413793","176","372"
"1933","308.9655172413793","176","372"
"1934","308.9655172413793","176","372"
"1935","308.9655172413793","176","372"
"1936","308.9655172413793","176","372"
"1937","308.9655172413793","176","372"
"1938","308.9655172413793","176","372"
"1939","308.9655172413793","176","372"
"1940","308.9655172413793","176","372"
"1941","308.9655172413793","176","372"
"1942","308.9655172413793","176","372"
"1943","308.9655172413793","176","372"
"1944","308.9655172413793","176","372"
"1945","308.9655172413793","176","372"
"1946","308.9655172413793","176","372"
"1947","308.9655172413793","176","372"
"1948","308.9655172413793","176","372"
"1949","308.9655172413793","176","372"
"1950","308.9655172413793","176","372"
"1951","308.9655172413793","176","372"
"1952","308.9655172413793","176","372"
"1953","308.9655172413793","176","372"
"1954","308.9655172413793","176","372"
"1955","308.9655172413793","176","372"
"1956","308.9655172413793","176","372"
"1957","308.9655172413793","176","372"
"1958","308.9655172413793","176","372"
"1959","308.9655172413793","176","372"
"1960","308.9655172413793","176","372"
"1961","308.9655172413793","176","372"
"1962","308.9655172413793","176","372"
"1963","308.9655172413793","176","372"
"1964","308.9655172413793","176","372"
"1965","308.9655172413793","176","372"
"1966","308.9655172413793","176","372"
"1967","308.9655172413793","176","372"
"1968","308.9655172413793","176","372"
"1969","308.9655172413793","176","372"
"1970","308.9655172413793","176","372"
"1971","308.9655172413793","176","372"
"1972","308.9655172413793","176","372"
"1973","308.9655172413793","176","372"
"1974","308.9655172413793","176","372"
"1975","308.9655172413793","176","372"
"1976","308.9655172413793","176","372"
"1977","308.9655172413793","176","372"
"1978","308.9655172413793","176","372"
"1979","308.9655172413793","176","372"
"1980","308.9655172413793","176","372"
"1981","308.9655172413793","176","372"
"1982","308.9655172413793","176","372"
"1983","308.9655172413793","176","372"
"1984","308.9655172413793","176","372"
"1985","308.9655172413793","176","372"
"1986","308.9655172413793","176","372"
"1987","308.9655172413793","176","372"
"1988","308.9655172413793","176","372"
"1989","308.9655172413793","176","372"
"1990","308.9655172413793","176","372"
"1991","308.9655172413793","176","372"
"1992","308.9655172413793","176","372"
"1993","308.9655172413793","176","372"
"1994","308.9655172413793","176","372"
"1995","308.9655172413793","176","372"
"1996","308.9655172413793","176","372"
"1997","308.9655172413793","176","372"
"1998","308.9655172413793","176","372"
"1999","308.9655172413793","176","372"
"2000","308.9655172413793","176","372"