"Step","noisy_net: true - exploration_rate","noisy_net: true - exploration_rate__MIN","noisy_net: true - exploration_rate__MAX","noisy_net: false - exploration_rate","noisy_net: false - exploration_rate__MIN","noisy_net: false - exploration_rate__MAX"
"1","","","","0.4000000000000001","0.4","0.4"
"2","","","","0.4000000000000001","0.4","0.4"
"3","","","","0.4000000000000001","0.4","0.4"
"4","","","","0.4000000000000001","0.4","0.4"
"5","","","","0.4000000000000001","0.4","0.4"
"6","","","","0.4000000000000001","0.4","0.4"
"7","","","","0.4000000000000001","0.4","0.4"
"8","","","","0.4000000000000001","0.4","0.4"
"9","","","","0.4000000000000001","0.4","0.4"
"10","0.4869565217391304","0.09999999999999998","0.85","0.4000000000000001","0.4","0.4"
"11","","","","0.4000000000000001","0.4","0.4"
"12","","","","0.4000000000000001","0.4","0.4"
"13","","","","0.4000000000000001","0.4","0.4"
"14","","","","0.4000000000000001","0.4","0.4"
"15","","","","0.4000000000000001","0.4","0.4"
"16","","","","0.4000000000000001","0.4","0.4"
"17","","","","0.4000000000000001","0.4","0.4"
"18","","","","0.4000000000000001","0.4","0.4"
"19","","","","0.4000000000000001","0.4","0.4"
"20","0.45","0.07500000000000001","0.75","0.4000000000000001","0.4","0.4"
"21","","","","0.4000000000000001","0.4","0.4"
"22","","","","0.4000000000000001","0.4","0.4"
"23","","","","0.4000000000000001","0.4","0.4"
"24","","","","0.4000000000000001","0.4","0.4"
"25","","","","0.4000000000000001","0.4","0.4"
"26","","","","0.4000000000000001","0.4","0.4"
"27","","","","0.4000000000000001","0.4","0.4"
"28","","","","0.4000000000000001","0.4","0.4"
"29","","","","0.4000000000000001","0.4","0.4"
"30","0.4413043478260869","0.11666666666666665","0.7333333333333334","0.4000000000000001","0.4","0.4"
"31","","","","0.4000000000000001","0.4","0.4"
"32","","","","0.4000000000000001","0.4","0.4"
"33","","","","0.4000000000000001","0.4","0.4"
"34","","","","0.4000000000000001","0.4","0.4"
"35","","","","0.4000000000000001","0.4","0.4"
"36","","","","0.4000000000000001","0.4","0.4"
"37","","","","0.4000000000000001","0.4","0.4"
"38","","","","0.4000000000000001","0.4","0.4"
"39","","","","0.4000000000000001","0.4","0.4"
"40","0.43967391304347836","0.15","0.6875","0.4000000000000001","0.4","0.4"
"41","","","","0.4000000000000001","0.4","0.4"
"42","","","","0.4000000000000001","0.4","0.4"
"43","","","","0.4000000000000001","0.4","0.4"
"44","","","","0.4000000000000001","0.4","0.4"
"45","","","","0.4000000000000001","0.4","0.4"
"46","","","","0.4000000000000001","0.4","0.4"
"47","","","","0.4000000000000001","0.4","0.4"
"48","","","","0.4000000000000001","0.4","0.4"
"49","","","","0.4000000000000001","0.4","0.4"
"50","0.44478260869565217","0.16999999999999998","0.7","0.4000000000000001","0.4","0.4"
"51","","","","0.4000000000000001","0.4","0.4"
"52","","","","0.4000000000000001","0.4","0.4"
"53","","","","0.4000000000000001","0.4","0.4"
"54","","","","0.4000000000000001","0.4","0.4"
"55","","","","0.4000000000000001","0.4","0.4"
"56","","","","0.4000000000000001","0.4","0.4"
"57","","","","0.4000000000000001","0.4","0.4"
"58","","","","0.4000000000000001","0.4","0.4"
"59","","","","0.4000000000000001","0.4","0.4"
"60","0.4471014492753624","0.17499999999999996","0.6916666666666668","0.4000000000000001","0.4","0.4"
"61","","","","0.4000000000000001","0.4","0.4"
"62","","","","0.4000000000000001","0.4","0.4"
"63","","","","0.4000000000000001","0.4","0.4"
"64","","","","0.4000000000000001","0.4","0.4"
"65","","","","0.4000000000000001","0.4","0.4"
"66","","","","0.4000000000000001","0.4","0.4"
"67","","","","0.4000000000000001","0.4","0.4"
"68","","","","0.4000000000000001","0.4","0.4"
"69","","","","0.4000000000000001","0.4","0.4"
"70","0.44813664596273306","0.1714285714285714","0.7000000000000001","0.4000000000000001","0.4","0.4"
"71","","","","0.4000000000000001","0.4","0.4"
"72","","","","0.4000000000000001","0.4","0.4"
"73","","","","0.4000000000000001","0.4","0.4"
"74","","","","0.4000000000000001","0.4","0.4"
"75","","","","0.4000000000000001","0.4","0.4"
"76","","","","0.4000000000000001","0.4","0.4"
"77","","","","0.4000000000000001","0.4","0.4"
"78","","","","0.4000000000000001","0.4","0.4"
"79","","","","0.4000000000000001","0.4","0.4"
"80","0.45027173913043483","0.16249999999999998","0.7000000000000001","0.4000000000000001","0.4","0.4"
"81","","","","0.4000000000000001","0.4","0.4"
"82","","","","0.4000000000000001","0.4","0.4"
"83","","","","0.4000000000000001","0.4","0.4"
"84","","","","0.4000000000000001","0.4","0.4"
"85","","","","0.4000000000000001","0.4","0.4"
"86","","","","0.4000000000000001","0.4","0.4"
"87","","","","0.4000000000000001","0.4","0.4"
"88","","","","0.4000000000000001","0.4","0.4"
"89","","","","0.4000000000000001","0.4","0.4"
"90","0.44782608695652176","0.15555555555555556","0.7277777777777779","0.4000000000000001","0.4","0.4"
"91","","","","0.4000000000000001","0.4","0.4"
"92","","","","0.4000000000000001","0.4","0.4"
"93","","","","0.4000000000000001","0.4","0.4"
"94","","","","0.4000000000000001","0.4","0.4"
"95","","","","0.4000000000000001","0.4","0.4"
"96","","","","0.4000000000000001","0.4","0.4"
"97","","","","0.4000000000000001","0.4","0.4"
"98","","","","0.4000000000000001","0.4","0.4"
"99","","","","0.4000000000000001","0.4","0.4"
"100","0.45","0.15499999999999997","0.7500000000000001","0.4000000000000001","0.4","0.4"
"101","","","","0.4000000000000001","0.4","0.4"
"102","","","","0.4000000000000001","0.4","0.4"
"103","","","","0.4000000000000001","0.4","0.4"
"104","","","","0.4000000000000001","0.4","0.4"
"105","","","","0.4000000000000001","0.4","0.4"
"106","","","","0.4000000000000001","0.4","0.4"
"107","","","","0.4000000000000001","0.4","0.4"
"108","","","","0.4000000000000001","0.4","0.4"
"109","","","","0.4000000000000001","0.4","0.4"
"110","0.4555335968379447","0.1409090909090909","0.75","0.4000000000000001","0.4","0.4"
"111","","","","0.4000000000000001","0.4","0.4"
"112","","","","0.4000000000000001","0.4","0.4"
"113","","","","0.4000000000000001","0.4","0.4"
"114","","","","0.4000000000000001","0.4","0.4"
"115","","","","0.4000000000000001","0.4","0.4"
"116","","","","0.4000000000000001","0.4","0.4"
"117","","","","0.4000000000000001","0.4","0.4"
"118","","","","0.4000000000000001","0.4","0.4"
"119","","","","0.4000000000000001","0.4","0.4"
"120","0.456159420289855","0.12916666666666665","0.7416666666666667","0.4000000000000001","0.4","0.4"
"121","","","","0.4000000000000001","0.4","0.4"
"122","","","","0.4000000000000001","0.4","0.4"
"123","","","","0.4000000000000001","0.4","0.4"
"124","","","","0.4000000000000001","0.4","0.4"
"125","","","","0.4000000000000001","0.4","0.4"
"126","","","","0.4000000000000001","0.4","0.4"
"127","","","","0.4000000000000001","0.4","0.4"
"128","","","","0.4000000000000001","0.4","0.4"
"129","","","","0.4000000000000001","0.4","0.4"
"130","0.4444816053511706","0.11923076923076922","0.7038461538461539","0.4000000000000001","0.4","0.4"
"131","","","","0.4000000000000001","0.4","0.4"
"132","","","","0.4000000000000001","0.4","0.4"
"133","","","","0.4000000000000001","0.4","0.4"
"134","","","","0.4000000000000001","0.4","0.4"
"135","","","","0.4000000000000001","0.4","0.4"
"136","","","","0.4000000000000001","0.4","0.4"
"137","","","","0.4000000000000001","0.4","0.4"
"138","","","","0.4000000000000001","0.4","0.4"
"139","","","","0.4000000000000001","0.4","0.4"
"140","0.43027950310559004","0.1107142857142857","0.6535714285714286","0.4000000000000001","0.4","0.4"
"141","","","","0.4000000000000001","0.4","0.4"
"142","","","","0.4000000000000001","0.4","0.4"
"143","","","","0.4000000000000001","0.4","0.4"
"144","","","","0.4000000000000001","0.4","0.4"
"145","","","","0.4000000000000001","0.4","0.4"
"146","","","","0.4000000000000001","0.4","0.4"
"147","","","","0.4000000000000001","0.4","0.4"
"148","","","","0.4000000000000001","0.4","0.4"
"149","","","","0.4000000000000001","0.4","0.4"
"150","0.4128985507246376","0.10333333333333332","0.6233333333333333","0.4000000000000001","0.4","0.4"
"151","","","","0.4000000000000001","0.4","0.4"
"152","","","","0.39870967741935476","0.39870967741935487","0.39870967741935487"
"153","","","","0.3974193548387097","0.3974193548387097","0.3974193548387097"
"154","","","","0.3961290322580647","0.39612903225806456","0.39612903225806456"
"155","","","","0.3948387096774193","0.3948387096774194","0.3948387096774194"
"156","","","","0.39354838709677425","0.39354838709677425","0.39354838709677425"
"157","","","","0.3922580645161292","0.3922580645161291","0.3922580645161291"
"158","","","","0.3909677419354838","0.39096774193548395","0.39096774193548395"
"159","","","","0.38967741935483874","0.3896774193548388","0.3896774193548388"
"160","0.3942934782608695","0.09687499999999999","0.5875","0.38838709677419375","0.38838709677419364","0.38838709677419364"
"161","","","","0.3870967741935483","0.3870967741935485","0.3870967741935485"
"162","","","","0.3858064516129032","0.38580645161290333","0.38580645161290333"
"163","","","","0.38451612903225824","0.3845161290322582","0.3845161290322582"
"164","","","","0.3832258064516132","0.383225806451613","0.383225806451613"
"165","","","","0.38193548387096776","0.3819354838709679","0.3819354838709679"
"166","","","","0.3806451612903227","0.3806451612903227","0.3806451612903227"
"167","","","","0.3793548387096777","0.37935483870967757","0.37935483870967757"
"168","","","","0.3780645161290323","0.3780645161290324","0.3780645161290324"
"169","","","","0.37677419354838726","0.37677419354838726","0.37677419354838726"
"170","0.37659846547314574","0.09117647058823529","0.5823529411764706","0.3754838709677422","0.3754838709677421","0.3754838709677421"
"171","","","","0.37419354838709684","0.37419354838709695","0.37419354838709695"
"172","","","","0.3729032258064518","0.3729032258064518","0.3729032258064518"
"173","","","","0.37161290322580676","0.37161290322580665","0.37161290322580665"
"174","","","","0.3703225806451613","0.3703225806451615","0.3703225806451615"
"175","","","","0.3690322580645163","0.36903225806451634","0.36903225806451634"
"176","","","","0.3677419354838713","0.3677419354838712","0.3677419354838712"
"177","","","","0.3664516129032262","0.36645161290322603","0.36645161290322603"
"178","","","","0.36516129032258077","0.3651612903225809","0.3651612903225809"
"179","","","","0.3638709677419358","0.3638709677419357","0.3638709677419357"
"180","0.3596618357487922","0.0861111111111111","0.5638888888888889","0.36258064516129074","0.36258064516129057","0.36258064516129057"
"181","","","","0.3612903225806453","0.3612903225806454","0.3612903225806454"
"182","","","","0.36000000000000026","0.36000000000000026","0.36000000000000026"
"183","","","","0.3587096774193552","0.3587096774193551","0.3587096774193551"
"184","","","","0.3574193548387099","0.35741935483870996","0.35741935483870996"
"185","","","","0.3561290322580648","0.3561290322580648","0.3561290322580648"
"186","","","","0.3548387096774197","0.35483870967741965","0.35483870967741965"
"187","","","","0.3535483870967744","0.3535483870967745","0.3535483870967745"
"188","","","","0.35225806451612934","0.35225806451612934","0.35225806451612934"
"189","","","","0.3509677419354843","0.3509677419354842","0.3509677419354842"
"190","0.3422196796338673","0.08157894736842104","0.5342105263157895","0.34967741935483887","0.34967741935483904","0.34967741935483904"
"191","","","","0.3483870967741938","0.3483870967741939","0.3483870967741939"
"192","","","","0.34709677419354884","0.34709677419354873","0.34709677419354873"
"193","","","","0.3458064516129034","0.3458064516129036","0.3458064516129036"
"194","","","","0.3445161290322583","0.3445161290322584","0.3445161290322584"
"195","","","","0.3432258064516133","0.34322580645161327","0.34322580645161327"
"196","","","","0.3419354838709683","0.3419354838709681","0.3419354838709681"
"197","","","","0.34064516129032285","0.34064516129032296","0.34064516129032296"
"198","","","","0.3393548387096778","0.3393548387096778","0.3393548387096778"
"199","","","","0.33806451612903277","0.33806451612903266","0.33806451612903266"
"200","0.32586956521739124","0.07749999999999999","0.5075000000000001","0.33677419354838745","0.3367741935483875","0.3367741935483875"
"201","","","","0.33548387096774235","0.33548387096774235","0.33548387096774235"
"202","","","","0.33419354838709725","0.3341935483870972","0.3341935483870972"
"203","","","","0.332903225806452","0.33290322580645204","0.33290322580645204"
"204","","","","0.3316129032258069","0.3316129032258069","0.3316129032258069"
"205","","","","0.33032258064516185","0.33032258064516173","0.33032258064516173"
"206","","","","0.32903225806451647","0.3290322580645166","0.3290322580645166"
"207","","","","0.32774193548387137","0.3277419354838714","0.3277419354838714"
"208","","","","0.32645161290322633","0.3264516129032263","0.3264516129032263"
"209","","","","0.3251612903225813","0.3251612903225811","0.3251612903225811"
"210","0.3015217391304348","0.0725","0.485","0.3238709677419359","0.32387096774193597","0.32387096774193597"
"211","","","","0.32258064516129087","0.3225806451612908","0.3225806451612908"
"212","","","","0.32129032258064577","0.32129032258064566","0.32129032258064566"
"213","","","","0.3200000000000004","0.3200000000000005","0.3200000000000005"
"214","","","","0.31870967741935535","0.31870967741935535","0.31870967741935535"
"215","","","","0.31741935483871025","0.3174193548387102","0.3174193548387102"
"216","","","","0.316129032258065","0.31612903225806505","0.31612903225806505"
"217","","","","0.3148387096774199","0.3148387096774199","0.3148387096774199"
"218","","","","0.3135483870967748","0.31354838709677474","0.31354838709677474"
"219","","","","0.31225806451612953","0.3122580645161296","0.3122580645161296"
"220","0.28086956521739126","0.06999999999999999","0.46499999999999997","0.31096774193548443","0.31096774193548443","0.31096774193548443"
"221","","","","0.3096774193548394","0.3096774193548393","0.3096774193548393"
"222","","","","0.308387096774194","0.3083870967741941","0.3083870967741941"
"223","","","","0.3070967741935489","0.30709677419354897","0.30709677419354897"
"224","","","","0.3058064516129039","0.3058064516129038","0.3058064516129038"
"225","","","","0.30451612903225855","0.30451612903225866","0.30451612903225866"
"226","","","","0.30322580645161346","0.3032258064516135","0.3032258064516135"
"227","","","","0.3019354838709684","0.30193548387096836","0.30193548387096836"
"228","","","","0.3006451612903233","0.3006451612903232","0.3006451612903232"
"229","","","","0.29935483870967794","0.29935483870967805","0.29935483870967805"
"230","0.25967391304347825","0.06","0.445","0.2980645161290329","0.2980645161290329","0.2980645161290329"
"231","","","","0.2967741935483878","0.29677419354838774","0.29677419354838774"
"232","","","","0.29548387096774253","0.2954838709677426","0.2954838709677426"
"233","","","","0.29419354838709744","0.29419354838709744","0.29419354838709744"
"234","","","","0.29290322580645234","0.2929032258064523","0.2929032258064523"
"235","","","","0.2916129032258071","0.29161290322580713","0.29161290322580713"
"236","","","","0.290322580645162","0.290322580645162","0.290322580645162"
"237","","","","0.28903225806451693","0.2890322580645168","0.2890322580645168"
"238","","","","0.28774193548387156","0.28774193548387167","0.28774193548387167"
"239","","","","0.28645161290322646","0.2864516129032265","0.2864516129032265"
"240","0.2379347826086957","0.0475","0.4175","0.2851612903225814","0.28516129032258136","0.28516129032258136"
"241","","","","0.2838709677419363","0.2838709677419362","0.2838709677419362"
"242","","","","0.282580645161291","0.28258064516129106","0.28258064516129106"
"243","","","","0.28129032258064596","0.2812903225806459","0.2812903225806459"
"244","","","","0.2800000000000008","0.28000000000000075","0.28000000000000075"
"245","","","","0.2787096774193555","0.2787096774193556","0.2787096774193556"
"246","","","","0.27741935483871044","0.27741935483871044","0.27741935483871044"
"247","","","","0.2761290322580653","0.2761290322580653","0.2761290322580653"
"248","","","","0.27483870967742013","0.27483870967742013","0.27483870967742013"
"249","","","","0.273548387096775","0.273548387096775","0.273548387096775"
"250","0.21467391304347827","0.034999999999999996","0.3875","0.2722580645161298","0.2722580645161298","0.2722580645161298"
"251","","","","0.2709677419354847","0.2709677419354847","0.2709677419354847"
"252","","","","0.2696774193548395","0.2696774193548395","0.2696774193548395"
"253","","","","0.2683870967741945","0.26838709677419437","0.26838709677419437"
"254","","","","0.26709677419354916","0.2670967741935492","0.2670967741935492"
"255","","","","0.265806451612904","0.26580645161290406","0.26580645161290406"
"256","","","","0.26451612903225896","0.2645161290322589","0.2645161290322589"
"257","","","","0.26322580645161364","0.26322580645161375","0.26322580645161375"
"258","","","","0.26193548387096854","0.2619354838709686","0.2619354838709686"
"259","","","","0.2606451612903235","0.26064516129032345","0.26064516129032345"
"260","0.19173913043478258","0.025","0.3625","0.25935483870967835","0.2593548387096783","0.2593548387096783"
"261","","","","0.25806451612903303","0.25806451612903314","0.25806451612903314"
"262","","","","0.256774193548388","0.256774193548388","0.256774193548388"
"263","","","","0.25548387096774283","0.25548387096774283","0.25548387096774283"
"264","","","","0.2541935483870977","0.2541935483870977","0.2541935483870977"
"265","","","","0.2529032258064525","0.2529032258064525","0.2529032258064525"
"266","","","","0.25161290322580737","0.25161290322580737","0.25161290322580737"
"267","","","","0.2503225806451622","0.2503225806451622","0.2503225806451622"
"268","","","","0.24903225806451706","0.24903225806451706","0.24903225806451706"
"269","","","","0.24774193548387205","0.2477419354838719","0.2477419354838719"
"270","0.16902173913043478","0.017499999999999998","0.3375","0.24645161290322673","0.24645161290322676","0.24645161290322676"
"271","","","","0.24516129032258155","0.2451612903225816","0.2451612903225816"
"272","","","","0.24387096774193653","0.24387096774193645","0.24387096774193645"
"273","","","","0.24258064516129138","0.2425806451612913","0.2425806451612913"
"274","","","","0.24129032258064606","0.24129032258064614","0.24129032258064614"
"275","","","","0.24000000000000105","0.240000000000001","0.240000000000001"
"276","","","","0.23870967741935586","0.23870967741935584","0.23870967741935584"
"277","","","","0.23741935483871054","0.23741935483871068","0.23741935483871068"
"278","","","","0.23612903225806553","0.23612903225806553","0.23612903225806553"
"279","","","","0.23483870967742035","0.23483870967742038","0.23483870967742038"
"280","0.1457608695652174","0.0125","0.31500000000000006","0.23354838709677525","0.23354838709677522","0.23354838709677522"
"281","","","","0.23225806451613007","0.23225806451613007","0.23225806451613007"
"282","","","","0.2309677419354849","0.23096774193548492","0.23096774193548492"
"283","","","","0.2296774193548398","0.22967741935483976","0.22967741935483976"
"284","","","","0.2283870967741946","0.2283870967741946","0.2283870967741946"
"285","","","","0.2270967741935496","0.22709677419354946","0.22709677419354946"
"286","","","","0.22580645161290427","0.2258064516129043","0.2258064516129043"
"287","","","","0.2245161290322591","0.22451612903225915","0.22451612903225915"
"288","","","","0.22322580645161408","0.223225806451614","0.223225806451614"
"289","","","","0.22193548387096884","0.22193548387096884","0.22193548387096884"
"290","0.12434782608695652","0.0075000000000000015","0.2975","0.2206451612903236","0.2206451612903237","0.2206451612903237"
"291","","","","0.2193548387096786","0.21935483870967853","0.21935483870967853"
"292","","","","0.21806451612903338","0.21806451612903338","0.21806451612903338"
"293","","","","0.21677419354838814","0.21677419354838823","0.21677419354838823"
"294","","","","0.21548387096774307","0.21548387096774307","0.21548387096774307"
"295","","","","0.21419354838709787","0.21419354838709792","0.21419354838709792"
"296","","","","0.2129032258064528","0.21290322580645277","0.21290322580645277"
"297","","","","0.2116129032258076","0.2116129032258076","0.2116129032258076"
"298","","","","0.21032258064516238","0.21032258064516246","0.21032258064516246"
"299","","","","0.20903225806451736","0.2090322580645173","0.2090322580645173"
"300","0.1008695652173913","0","0.27","0.20774193548387215","0.20774193548387215","0.20774193548387215"
"301","","","","0.20645161290322708","0.206451612903227","0.206451612903227"
"302","","","","0.20516129032258185","0.20516129032258185","0.20516129032258185"
"303","","","","0.20387096774193664","0.2038709677419367","0.2038709677419367"
"304","","","","0.20258064516129162","0.20258064516129154","0.20258064516129154"
"305","","","","0.20129032258064639","0.20129032258064639","0.20129032258064639"
"306","","","","0.20000000000000115","0.20000000000000123","0.20000000000000123"
"307","","","","0.19870967741935613","0.19870967741935608","0.19870967741935608"
"308","","","","0.1974193548387109","0.19741935483871093","0.19741935483871093"
"309","","","","0.1961290322580657","0.19612903225806577","0.19612903225806577"
"310","0.07532608695652174","0","0.24","0.19483870967742065","0.19483870967742062","0.19483870967742062"
"311","","","","0.1935483870967754","0.19354838709677546","0.19354838709677546"
"312","","","","0.19225806451613037","0.1922580645161303","0.1922580645161303"
"313","","","","0.19096774193548516","0.19096774193548516","0.19096774193548516"
"314","","","","0.18967741935483995","0.18967741935484","0.18967741935484"
"315","","","","0.1883870967741949","0.18838709677419485","0.18838709677419485"
"316","","","","0.18709677419354967","0.1870967741935497","0.1870967741935497"
"317","","","","0.18580645161290463","0.18580645161290454","0.18580645161290454"
"318","","","","0.18451612903225942","0.1845161290322594","0.1845161290322594"
"319","","","","0.18322580645161418","0.18322580645161424","0.18322580645161424"
"320","0.05217391304347827","0","0.20250000000000004","0.18193548387096914","0.18193548387096908","0.18193548387096908"
"321","","","","0.18064516129032393","0.18064516129032393","0.18064516129032393"
"322","","","","0.17935483870967872","0.17935483870967878","0.17935483870967878"
"323","","","","0.17806451612903368","0.17806451612903362","0.17806451612903362"
"324","","","","0.17677419354838844","0.17677419354838847","0.17677419354838847"
"325","","","","0.17548387096774323","0.17548387096774332","0.17548387096774332"
"326","","","","0.1741935483870982","0.17419354838709816","0.17419354838709816"
"327","","","","0.17290322580645295","0.172903225806453","0.172903225806453"
"328","","","","0.1716129032258079","0.17161290322580786","0.17161290322580786"
"329","","","","0.1703225806451627","0.1703225806451627","0.1703225806451627"
"330","0.03695652173913043","0","0.16999999999999998","0.1690322580645175","0.16903225806451755","0.16903225806451755"
"331","","","","0.16774193548387245","0.1677419354838724","0.1677419354838724"
"332","","","","0.16645161290322721","0.16645161290322724","0.16645161290322724"
"333","","","","0.16516129032258217","0.1651612903225821","0.1651612903225821"
"334","","","","0.16387096774193696","0.16387096774193693","0.16387096774193693"
"335","","","","0.16258064516129173","0.16258064516129178","0.16258064516129178"
"336","","","","0.16129032258064666","0.16129032258064663","0.16129032258064663"
"337","","","","0.16000000000000147","0.16000000000000147","0.16000000000000147"
"338","","","","0.1587096774193563","0.15870967741935632","0.15870967741935632"
"339","","","","0.15741935483871122","0.15741935483871117","0.15741935483871117"
"340","0.02467391304347826","0","0.12999999999999998","0.156129032258066","0.15612903225806601","0.15612903225806601"
"341","","","","0.15483870967742078","0.15483870967742086","0.15483870967742086"
"342","","","","0.15354838709677573","0.1535483870967757","0.1535483870967757"
"343","","","","0.1522580645161305","0.15225806451613055","0.15225806451613055"
"344","","","","0.15096774193548543","0.1509677419354854","0.1509677419354854"
"345","","","","0.14967741935484025","0.14967741935484025","0.14967741935484025"
"346","","","","0.14838709677419507","0.1483870967741951","0.1483870967741951"
"347","","","","0.14709677419355","0.14709677419354994","0.14709677419354994"
"348","","","","0.14580645161290476","0.14580645161290479","0.14580645161290479"
"349","","","","0.1445161290322597","0.14451612903225963","0.14451612903225963"
"350","0.016195652173913045","0","0.1125","0.1432258064516145","0.14322580645161448","0.14322580645161448"
"351","","","","0.14193548387096927","0.14193548387096933","0.14193548387096933"
"352","","","","0.14064516129032417","0.14064516129032417","0.14064516129032417"
"353","","","","0.13935483870967902","0.13935483870967902","0.13935483870967902"
"354","","","","0.13806451612903387","0.13806451612903387","0.13806451612903387"
"355","","","","0.13677419354838877","0.1367741935483887","0.1367741935483887"
"356","","","","0.13548387096774353","0.13548387096774356","0.13548387096774356"
"357","","","","0.13419354838709835","0.1341935483870984","0.1341935483870984"
"358","","","","0.13290322580645328","0.13290322580645325","0.13290322580645325"
"359","","","","0.13161290322580804","0.1316129032258081","0.1316129032258081"
"360","0.010434782608695653","0","0.0975","0.13032258064516294","0.13032258064516294","0.13032258064516294"
"361","","","","0.1290322580645178","0.1290322580645178","0.1290322580645178"
"362","","","","0.12774193548387264","0.12774193548387264","0.12774193548387264"
"363","","","","0.12645161290322754","0.12645161290322748","0.12645161290322748"
"364","","","","0.1251612903225823","0.12516129032258233","0.12516129032258233"
"365","","","","0.12387096774193714","0.12387096774193716","0.12387096774193716"
"366","","","","0.12258064516129204","0.122580645161292","0.122580645161292"
"367","","","","0.1212903225806468","0.12129032258064683","0.12129032258064683"
"368","","","","0.1200000000000017","0.12000000000000166","0.12000000000000166"
"369","","","","0.11870967741935652","0.1187096774193565","0.1187096774193565"
"370","0.005760869565217391","0","0.07749999999999999","0.11741935483871128","0.11741935483871133","0.11741935483871133"
"371","","","","0.11612903225806619","0.11612903225806616","0.11612903225806616"
"372","","","","0.11483870967742102","0.11483870967742099","0.11483870967742099"
"373","","","","0.11354838709677577","0.11354838709677582","0.11354838709677582"
"374","","","","0.11225806451613067","0.11225806451613066","0.11225806451613066"
"375","","","","0.1109677419354855","0.11096774193548549","0.11096774193548549"
"376","","","","0.10967741935484028","0.10967741935484032","0.10967741935484032"
"377","","","","0.10838709677419514","0.10838709677419515","0.10838709677419515"
"378","","","","0.10709677419354999","0.10709677419354999","0.10709677419354999"
"379","","","","0.10580645161290485","0.10580645161290482","0.10580645161290482"
"380","0.002173913043478261","0","0.0475","0.10451612903225962","0.10451612903225965","0.10451612903225965"
"381","","","","0.10322580645161447","0.10322580645161449","0.10322580645161449"
"382","","","","0.10193548387096936","0.10193548387096932","0.10193548387096932"
"383","","","","0.10064516129032412","0.10064516129032415","0.10064516129032415"
"384","","","","0.09935483870967898","0.09935483870967898","0.09935483870967898"
"385","","","","0.09806451612903384","0.09806451612903382","0.09806451612903382"
"386","","","","0.09677419354838862","0.09677419354838865","0.09677419354838865"
"387","","","","0.09548387096774348","0.09548387096774348","0.09548387096774348"
"388","","","","0.09419354838709834","0.09419354838709831","0.09419354838709831"
"389","","","","0.0929032258064531","0.09290322580645315","0.09290322580645315"
"390","0.0007608695652173912","0","0.017499999999999998","0.09161290322580797","0.09161290322580798","0.09161290322580798"
"391","","","","0.09032258064516284","0.09032258064516281","0.09032258064516281"
"392","","","","0.08903225806451769","0.08903225806451764","0.08903225806451764"
"393","","","","0.08774193548387245","0.08774193548387248","0.08774193548387248"
"394","","","","0.08645161290322732","0.08645161290322731","0.08645161290322731"
"395","","","","0.08516129032258218","0.08516129032258214","0.08516129032258214"
"396","","","","0.08387096774193695","0.08387096774193697","0.08387096774193697"
"397","","","","0.08258064516129181","0.08258064516129181","0.08258064516129181"
"398","","","","0.08129032258064665","0.08129032258064664","0.08129032258064664"
"399","","","","0.08000000000000146","0.08000000000000147","0.08000000000000147"
"400","0","0","0","0.0787096774193563","0.0787096774193563","0.0787096774193563"
"401","","","","0.07741935483871115","0.07741935483871114","0.07741935483871114"
"402","","","","0.07612903225806596","0.07612903225806597","0.07612903225806597"
"403","","","","0.0748387096774208","0.0748387096774208","0.0748387096774208"
"404","","","","0.07354838709677566","0.07354838709677564","0.07354838709677564"
"405","","","","0.07225806451613044","0.07225806451613047","0.07225806451613047"
"406","","","","0.07096774193548529","0.0709677419354853","0.0709677419354853"
"407","","","","0.06967741935484015","0.06967741935484013","0.06967741935484013"
"408","","","","0.06838709677419494","0.06838709677419497","0.06838709677419497"
"409","","","","0.06709677419354979","0.0670967741935498","0.0670967741935498"
"410","0","0","0","0.06580645161290465","0.06580645161290463","0.06580645161290463"
"411","","","","0.06451612903225948","0.06451612903225946","0.06451612903225946"
"412","","","","0.06322580645161427","0.0632258064516143","0.0632258064516143"
"413","","","","0.06193548387096913","0.06193548387096914","0.06193548387096914"
"414","","","","0.060645161290323976","0.060645161290323976","0.060645161290323976"
"415","","","","0.059354838709678816","0.059354838709678816","0.059354838709678816"
"416","","","","0.05806451612903364","0.058064516129033655","0.058064516129033655"
"417","","","","0.05677419354838851","0.056774193548388495","0.056774193548388495"
"418","","","","0.055483870967743334","0.055483870967743334","0.055483870967743334"
"419","","","","0.05419354838709819","0.054193548387098174","0.054193548387098174"
"420","0","0","0","0.052903225806453014","0.052903225806453014","0.052903225806453014"
"421","","","","0.051612903225807825","0.05161290322580785","0.05161290322580785"
"422","","","","0.05032258064516269","0.05032258064516269","0.05032258064516269"
"423","","","","0.04903225806451752","0.04903225806451753","0.04903225806451753"
"424","","","","0.047741935483872386","0.04774193548387237","0.04774193548387237"
"425","","","","0.0464516129032272","0.04645161290322721","0.04645161290322721"
"426","","","","0.045161290322582065","0.04516129032258205","0.04516129032258205"
"427","","","","0.04387096774193689","0.04387096774193689","0.04387096774193689"
"428","","","","0.04258064516129175","0.04258064516129173","0.04258064516129173"
"429","","","","0.04129032258064657","0.04129032258064657","0.04129032258064657"
"430","0","0","0","0.0400000000000014","0.04000000000000141","0.04000000000000141"
"431","","","","0.038709677419356256","0.03870967741935625","0.03870967741935625"
"432","","","","0.037419354838711075","0.03741935483871109","0.03741935483871109"
"433","","","","0.036129032258065935","0.03612903225806593","0.03612903225806593"
"434","","","","0.03483870967742076","0.03483870967742077","0.03483870967742077"
"435","","","","0.033548387096775614","0.03354838709677561","0.03354838709677561"
"436","","","","0.03225806451613045","0.03225806451613045","0.03225806451613045"
"437","","","","0.030967741935485283","0.030967741935485286","0.030967741935485286"
"438","","","","0.029677419354840133","0.029677419354840126","0.029677419354840126"
"439","","","","0.02838709677419497","0.028387096774194966","0.028387096774194966"
"440","0","0","0","0.027096774193549816","0.027096774193549805","0.027096774193549805"
"441","","","","0.025806451612904634","0.025806451612904645","0.025806451612904645"
"442","","","","0.024516129032259477","0.024516129032259484","0.024516129032259484"
"443","","","","0.02322580645161432","0.023225806451614324","0.023225806451614324"
"444","","","","0.021935483870969164","0.021935483870969164","0.021935483870969164"
"445","","","","0.020645161290324007","0.020645161290324003","0.020645161290324003"
"446","","","","0.01935483870967885","0.019354838709678843","0.019354838709678843"
"447","","","","0.018064516129033686","0.018064516129033682","0.018064516129033682"
"448","","","","0.016774193548388515","0.016774193548388522","0.016774193548388522"
"449","","","","0.015483870967743363","0.015483870967743361","0.015483870967743361"
"450","0","0","0","0.014193548387098192","0.014193548387098201","0.014193548387098201"
"451","","","","0.012903225806453037","0.01290322580645304","0.01290322580645304"
"452","","","","0.01161290322580788","0.01161290322580788","0.01161290322580788"
"453","","","","0.010322580645162723","0.01032258064516272","0.01032258064516272"
"454","","","","0.009032258064517563","0.00903225806451756","0.00903225806451756"
"455","","","","0.0077419354838723945","0.007741935483872398","0.007741935483872398"
"456","","","","0.006451612903227237","0.006451612903227237","0.006451612903227237"
"457","","","","0.005161290322582075","0.0051612903225820754","0.0051612903225820754"
"458","","","","0.0038709677419369163","0.003870967741936914","0.003870967741936914"
"459","","","","0.0025806451612917524","0.002580645161291753","0.002580645161291753"
"460","0","0","0","0.001290322580646591","0.0012903225806465916","0.0012903225806465916"
"461","","","","1.4302795059428774e-15","1.4302795059428774e-15","1.4302795059428774e-15"
"462","","","","0","0","0"
"463","","","","0","0","0"
"464","","","","0","0","0"
"465","","","","0","0","0"
"466","","","","0","0","0"
"467","","","","0","0","0"
"468","","","","0","0","0"
"469","","","","0","0","0"
"470","0","0","0","0","0","0"
"471","","","","0","0","0"
"472","","","","0","0","0"
"473","","","","0","0","0"
"474","","","","0","0","0"
"475","","","","0","0","0"
"476","","","","0","0","0"
"477","","","","0","0","0"
"478","","","","0","0","0"
"479","","","","0","0","0"
"480","0","0","0","0","0","0"
"481","","","","0","0","0"
"482","","","","0","0","0"
"483","","","","0","0","0"
"484","","","","0","0","0"
"485","","","","0","0","0"
"486","","","","0","0","0"
"487","","","","0","0","0"
"488","","","","0","0","0"
"489","","","","0","0","0"
"490","0","0","0","0","0","0"
"491","","","","0","0","0"
"492","","","","0","0","0"
"493","","","","0","0","0"
"494","","","","0","0","0"
"495","","","","0","0","0"
"496","","","","0","0","0"
"497","","","","0","0","0"
"498","","","","0","0","0"
"499","","","","0","0","0"
"500","0","0","0","0","0","0"
"501","","","","0","0","0"
"502","","","","0","0","0"
"503","","","","0","0","0"
"504","","","","0","0","0"
"505","","","","0","0","0"
"506","","","","0","0","0"
"507","","","","0","0","0"
"508","","","","0","0","0"
"509","","","","0","0","0"
"510","0","0","0","0","0","0"
"511","","","","0","0","0"
"512","","","","0","0","0"
"513","","","","0","0","0"
"514","","","","0","0","0"
"515","","","","0","0","0"
"516","","","","0","0","0"
"517","","","","0","0","0"
"518","","","","0","0","0"
"519","","","","0","0","0"
"520","0","0","0","0","0","0"
"521","","","","0","0","0"
"522","","","","0","0","0"
"523","","","","0","0","0"
"524","","","","0","0","0"
"525","","","","0","0","0"
"526","","","","0","0","0"
"527","","","","0","0","0"
"528","","","","0","0","0"
"529","","","","0","0","0"
"530","0","0","0","0","0","0"
"531","","","","0","0","0"
"532","","","","0","0","0"
"533","","","","0","0","0"
"534","","","","0","0","0"
"535","","","","0","0","0"
"536","","","","0","0","0"
"537","","","","0","0","0"
"538","","","","0","0","0"
"539","","","","0","0","0"
"540","0","0","0","0","0","0"
"541","","","","0","0","0"
"542","","","","0","0","0"
"543","","","","0","0","0"
"544","","","","0","0","0"
"545","","","","0","0","0"
"546","","","","0","0","0"
"547","","","","0","0","0"
"548","","","","0","0","0"
"549","","","","0","0","0"
"550","0","0","0","0","0","0"
"551","","","","0","0","0"
"552","","","","0","0","0"
"553","","","","0","0","0"
"554","","","","0","0","0"
"555","","","","0","0","0"
"556","","","","0","0","0"
"557","","","","0","0","0"
"558","","","","0","0","0"
"559","","","","0","0","0"
"560","0","0","0","0","0","0"
"561","","","","0","0","0"
"562","","","","0","0","0"
"563","","","","0","0","0"
"564","","","","0","0","0"
"565","","","","0","0","0"
"566","","","","0","0","0"
"567","","","","0","0","0"
"568","","","","0","0","0"
"569","","","","0","0","0"
"570","0","0","0","0","0","0"
"571","","","","0","0","0"
"572","","","","0","0","0"
"573","","","","0","0","0"
"574","","","","0","0","0"
"575","","","","0","0","0"
"576","","","","0","0","0"
"577","","","","0","0","0"
"578","","","","0","0","0"
"579","","","","0","0","0"
"580","0","0","0","0","0","0"
"581","","","","0","0","0"
"582","","","","0","0","0"
"583","","","","0","0","0"
"584","","","","0","0","0"
"585","","","","0","0","0"
"586","","","","0","0","0"
"587","","","","0","0","0"
"588","","","","0","0","0"
"589","","","","0","0","0"
"590","0","0","0","0","0","0"
"591","","","","0","0","0"
"592","","","","0","0","0"
"593","","","","0","0","0"
"594","","","","0","0","0"
"595","","","","0","0","0"
"596","","","","0","0","0"
"597","","","","0","0","0"
"598","","","","0","0","0"
"599","","","","0","0","0"
"600","0","0","0","0","0","0"
"601","","","","0","0","0"
"602","","","","0","0","0"
"603","","","","0","0","0"
"604","","","","0","0","0"
"605","","","","0","0","0"
"606","","","","0","0","0"
"607","","","","0","0","0"
"608","","","","0","0","0"
"609","","","","0","0","0"
"610","0","0","0","0","0","0"
"611","","","","0","0","0"
"612","","","","0","0","0"
"613","","","","0","0","0"
"614","","","","0","0","0"
"615","","","","0","0","0"
"616","","","","0","0","0"
"617","","","","0","0","0"
"618","","","","0","0","0"
"619","","","","0","0","0"
"620","0","0","0","0","0","0"
"621","","","","0","0","0"
"622","","","","0","0","0"
"623","","","","0","0","0"
"624","","","","0","0","0"
"625","","","","0","0","0"
"626","","","","0","0","0"
"627","","","","0","0","0"
"628","","","","0","0","0"
"629","","","","0","0","0"
"630","0","0","0","0","0","0"
"631","","","","0","0","0"
"632","","","","0","0","0"
"633","","","","0","0","0"
"634","","","","0","0","0"
"635","","","","0","0","0"
"636","","","","0","0","0"
"637","","","","0","0","0"
"638","","","","0","0","0"
"639","","","","0","0","0"
"640","0","0","0","0","0","0"
"641","","","","0","0","0"
"642","","","","0","0","0"
"643","","","","0","0","0"
"644","","","","0","0","0"
"645","","","","0","0","0"
"646","","","","0","0","0"
"647","","","","0","0","0"
"648","","","","0","0","0"
"649","","","","0","0","0"
"650","0","0","0","0","0","0"
"651","","","","0","0","0"
"652","","","","0","0","0"
"653","","","","0","0","0"
"654","","","","0","0","0"
"655","","","","0","0","0"
"656","","","","0","0","0"
"657","","","","0","0","0"
"658","","","","0","0","0"
"659","","","","0","0","0"
"660","0","0","0","0","0","0"
"661","","","","0","0","0"
"662","","","","0","0","0"
"663","","","","0","0","0"
"664","","","","0","0","0"
"665","","","","0","0","0"
"666","","","","0","0","0"
"667","","","","0","0","0"
"668","","","","0","0","0"
"669","","","","0","0","0"
"670","0","0","0","0","0","0"
"671","","","","0","0","0"
"672","","","","0","0","0"
"673","","","","0","0","0"
"674","","","","0","0","0"
"675","","","","0","0","0"
"676","","","","0","0","0"
"677","","","","0","0","0"
"678","","","","0","0","0"
"679","","","","0","0","0"
"680","0","0","0","0","0","0"
"681","","","","0","0","0"
"682","","","","0","0","0"
"683","","","","0","0","0"
"684","","","","0","0","0"
"685","","","","0","0","0"
"686","","","","0","0","0"
"687","","","","0","0","0"
"688","","","","0","0","0"
"689","","","","0","0","0"
"690","0","0","0","0","0","0"
"691","","","","0","0","0"
"692","","","","0","0","0"
"693","","","","0","0","0"
"694","","","","0","0","0"
"695","","","","0","0","0"
"696","","","","0","0","0"
"697","","","","0","0","0"
"698","","","","0","0","0"
"699","","","","0","0","0"
"700","0","0","0","0","0","0"
"701","","","","0","0","0"
"702","","","","0","0","0"
"703","","","","0","0","0"
"704","","","","0","0","0"
"705","","","","0","0","0"
"706","","","","0","0","0"
"707","","","","0","0","0"
"708","","","","0","0","0"
"709","","","","0","0","0"
"710","0","0","0","0","0","0"
"711","","","","0","0","0"
"712","","","","0","0","0"
"713","","","","0","0","0"
"714","","","","0","0","0"
"715","","","","0","0","0"
"716","","","","0","0","0"
"717","","","","0","0","0"
"718","","","","0","0","0"
"719","","","","0","0","0"
"720","0","0","0","0","0","0"
"721","","","","0","0","0"
"722","","","","0","0","0"
"723","","","","0","0","0"
"724","","","","0","0","0"
"725","","","","0","0","0"
"726","","","","0","0","0"
"727","","","","0","0","0"
"728","","","","0","0","0"
"729","","","","0","0","0"
"730","0","0","0","0","0","0"
"731","","","","0","0","0"
"732","","","","0","0","0"
"733","","","","0","0","0"
"734","","","","0","0","0"
"735","","","","0","0","0"
"736","","","","0","0","0"
"737","","","","0","0","0"
"738","","","","0","0","0"
"739","","","","0","0","0"
"740","0","0","0","0","0","0"
"741","","","","0","0","0"
"742","","","","0","0","0"
"743","","","","0","0","0"
"744","","","","0","0","0"
"745","","","","0","0","0"
"746","","","","0","0","0"
"747","","","","0","0","0"
"748","","","","0","0","0"
"749","","","","0","0","0"
"750","0","0","0","0","0","0"
"751","","","","0","0","0"
"752","","","","0","0","0"
"753","","","","0","0","0"
"754","","","","0","0","0"
"755","","","","0","0","0"
"756","","","","0","0","0"
"757","","","","0","0","0"
"758","","","","0","0","0"
"759","","","","0","0","0"
"760","0","0","0","0","0","0"
"761","","","","0","0","0"
"762","","","","0","0","0"
"763","","","","0","0","0"
"764","","","","0","0","0"
"765","","","","0","0","0"
"766","","","","0","0","0"
"767","","","","0","0","0"
"768","","","","0","0","0"
"769","","","","0","0","0"
"770","0","0","0","0","0","0"
"771","","","","0","0","0"
"772","","","","0","0","0"
"773","","","","0","0","0"
"774","","","","0","0","0"
"775","","","","0","0","0"
"776","","","","0","0","0"
"777","","","","0","0","0"
"778","","","","0","0","0"
"779","","","","0","0","0"
"780","0","0","0","0","0","0"
"781","","","","0","0","0"
"782","","","","0","0","0"
"783","","","","0","0","0"
"784","","","","0","0","0"
"785","","","","0","0","0"
"786","","","","0","0","0"
"787","","","","0","0","0"
"788","","","","0","0","0"
"789","","","","0","0","0"
"790","0","0","0","0","0","0"
"791","","","","0","0","0"
"792","","","","0","0","0"
"793","","","","0","0","0"
"794","","","","0","0","0"
"795","","","","0","0","0"
"796","","","","0","0","0"
"797","","","","0","0","0"
"798","","","","0","0","0"
"799","","","","0","0","0"
"800","0","0","0","0","0","0"
"801","","","","0","0","0"
"802","","","","0","0","0"
"803","","","","0","0","0"
"804","","","","0","0","0"
"805","","","","0","0","0"
"806","","","","0","0","0"
"807","","","","0","0","0"
"808","","","","0","0","0"
"809","","","","0","0","0"
"810","0","0","0","0","0","0"
"811","","","","0","0","0"
"812","","","","0","0","0"
"813","","","","0","0","0"
"814","","","","0","0","0"
"815","","","","0","0","0"
"816","","","","0","0","0"
"817","","","","0","0","0"
"818","","","","0","0","0"
"819","","","","0","0","0"
"820","0","0","0","0","0","0"
"821","","","","0","0","0"
"822","","","","0","0","0"
"823","","","","0","0","0"
"824","","","","0","0","0"
"825","","","","0","0","0"
"826","","","","0","0","0"
"827","","","","0","0","0"
"828","","","","0","0","0"
"829","","","","0","0","0"
"830","0","0","0","0","0","0"
"831","","","","0","0","0"
"832","","","","0","0","0"
"833","","","","0","0","0"
"834","","","","0","0","0"
"835","","","","0","0","0"
"836","","","","0","0","0"
"837","","","","0","0","0"
"838","","","","0","0","0"
"839","","","","0","0","0"
"840","0","0","0","0","0","0"
"841","","","","0","0","0"
"842","","","","0","0","0"
"843","","","","0","0","0"
"844","","","","0","0","0"
"845","","","","0","0","0"
"846","","","","0","0","0"
"847","","","","0","0","0"
"848","","","","0","0","0"
"849","","","","0","0","0"
"850","0","0","0","0","0","0"
"851","","","","0","0","0"
"852","","","","0","0","0"
"853","","","","0","0","0"
"854","","","","0","0","0"
"855","","","","0","0","0"
"856","","","","0","0","0"
"857","","","","0","0","0"
"858","","","","0","0","0"
"859","","","","0","0","0"
"860","0","0","0","0","0","0"
"861","","","","0","0","0"
"862","","","","0","0","0"
"863","","","","0","0","0"
"864","","","","0","0","0"
"865","","","","0","0","0"
"866","","","","0","0","0"
"867","","","","0","0","0"
"868","","","","0","0","0"
"869","","","","0","0","0"
"870","0","0","0","0","0","0"
"871","","","","0","0","0"
"872","","","","0","0","0"
"873","","","","0","0","0"
"874","","","","0","0","0"
"875","","","","0","0","0"
"876","","","","0","0","0"
"877","","","","0","0","0"
"878","","","","0","0","0"
"879","","","","0","0","0"
"880","0","0","0","0","0","0"
"881","","","","0","0","0"
"882","","","","0","0","0"
"883","","","","0","0","0"
"884","","","","0","0","0"
"885","","","","0","0","0"
"886","","","","0","0","0"
"887","","","","0","0","0"
"888","","","","0","0","0"
"889","","","","0","0","0"
"890","0","0","0","0","0","0"
"891","","","","0","0","0"
"892","","","","0","0","0"
"893","","","","0","0","0"
"894","","","","0","0","0"
"895","","","","0","0","0"
"896","","","","0","0","0"
"897","","","","0","0","0"
"898","","","","0","0","0"
"899","","","","0","0","0"
"900","0","0","0","0","0","0"
"901","","","","0","0","0"
"902","","","","0","0","0"
"903","","","","0","0","0"
"904","","","","0","0","0"
"905","","","","0","0","0"
"906","","","","0","0","0"
"907","","","","0","0","0"
"908","","","","0","0","0"
"909","","","","0","0","0"
"910","0","0","0","0","0","0"
"911","","","","0","0","0"
"912","","","","0","0","0"
"913","","","","0","0","0"
"914","","","","0","0","0"
"915","","","","0","0","0"
"916","","","","0","0","0"
"917","","","","0","0","0"
"918","","","","0","0","0"
"919","","","","0","0","0"
"920","0","0","0","0","0","0"
"921","","","","0","0","0"
"922","","","","0","0","0"
"923","","","","0","0","0"
"924","","","","0","0","0"
"925","","","","0","0","0"
"926","","","","0","0","0"
"927","","","","0","0","0"
"928","","","","0","0","0"
"929","","","","0","0","0"
"930","0","0","0","0","0","0"
"931","","","","0","0","0"
"932","","","","0","0","0"
"933","","","","0","0","0"
"934","","","","0","0","0"
"935","","","","0","0","0"
"936","","","","0","0","0"
"937","","","","0","0","0"
"938","","","","0","0","0"
"939","","","","0","0","0"
"940","0","0","0","0","0","0"
"941","","","","0","0","0"
"942","","","","0","0","0"
"943","","","","0","0","0"
"944","","","","0","0","0"
"945","","","","0","0","0"
"946","","","","0","0","0"
"947","","","","0","0","0"
"948","","","","0","0","0"
"949","","","","0","0","0"
"950","0","0","0","0","0","0"
"951","","","","0","0","0"
"952","","","","0","0","0"
"953","","","","0","0","0"
"954","","","","0","0","0"
"955","","","","0","0","0"
"956","","","","0","0","0"
"957","","","","0","0","0"
"958","","","","0","0","0"
"959","","","","0","0","0"
"960","0","0","0","0","0","0"
"961","","","","0","0","0"
"962","","","","0","0","0"
"963","","","","0","0","0"
"964","","","","0","0","0"
"965","","","","0","0","0"
"966","","","","0","0","0"
"967","","","","0","0","0"
"968","","","","0","0","0"
"969","","","","0","0","0"
"970","0","0","0","0","0","0"
"971","","","","0","0","0"
"972","","","","0","0","0"
"973","","","","0","0","0"
"974","","","","0","0","0"
"975","","","","0","0","0"
"976","","","","0","0","0"
"977","","","","0","0","0"
"978","","","","0","0","0"
"979","","","","0","0","0"
"980","0","0","0","0","0","0"
"981","","","","0","0","0"
"982","","","","0","0","0"
"983","","","","0","0","0"
"984","","","","0","0","0"
"985","","","","0","0","0"
"986","","","","0","0","0"
"987","","","","0","0","0"
"988","","","","0","0","0"
"989","","","","0","0","0"
"990","0","0","0","0","0","0"
"991","","","","0","0","0"
"992","","","","0","0","0"
"993","","","","0","0","0"
"994","","","","0","0","0"
"995","","","","0","0","0"
"996","","","","0","0","0"
"997","","","","0","0","0"
"998","","","","0","0","0"
"999","","","","0","0","0"
"1000","0","0","0","0","0","0"
"1001","","","","0","0","0"
"1002","","","","0","0","0"
"1003","","","","0","0","0"
"1004","","","","0","0","0"
"1005","","","","0","0","0"
"1006","","","","0","0","0"
"1007","","","","0","0","0"
"1008","","","","0","0","0"
"1009","","","","0","0","0"
"1010","0","0","0","0","0","0"
"1011","","","","0","0","0"
"1012","","","","0","0","0"
"1013","","","","0","0","0"
"1014","","","","0","0","0"
"1015","","","","0","0","0"
"1016","","","","0","0","0"
"1017","","","","0","0","0"
"1018","","","","0","0","0"
"1019","","","","0","0","0"
"1020","0","0","0","0","0","0"
"1021","","","","0","0","0"
"1022","","","","0","0","0"
"1023","","","","0","0","0"
"1024","","","","0","0","0"
"1025","","","","0","0","0"
"1026","","","","0","0","0"
"1027","","","","0","0","0"
"1028","","","","0","0","0"
"1029","","","","0","0","0"
"1030","0","0","0","0","0","0"
"1031","","","","0","0","0"
"1032","","","","0","0","0"
"1033","","","","0","0","0"
"1034","","","","0","0","0"
"1035","","","","0","0","0"
"1036","","","","0","0","0"
"1037","","","","0","0","0"
"1038","","","","0","0","0"
"1039","","","","0","0","0"
"1040","0","0","0","0","0","0"
"1041","","","","0","0","0"
"1042","","","","0","0","0"
"1043","","","","0","0","0"
"1044","","","","0","0","0"
"1045","","","","0","0","0"
"1046","","","","0","0","0"
"1047","","","","0","0","0"
"1048","","","","0","0","0"
"1049","","","","0","0","0"
"1050","0","0","0","0","0","0"
"1051","","","","0","0","0"
"1052","","","","0","0","0"
"1053","","","","0","0","0"
"1054","","","","0","0","0"
"1055","","","","0","0","0"
"1056","","","","0","0","0"
"1057","","","","0","0","0"
"1058","","","","0","0","0"
"1059","","","","0","0","0"
"1060","0","0","0","0","0","0"
"1061","","","","0","0","0"
"1062","","","","0","0","0"
"1063","","","","0","0","0"
"1064","","","","0","0","0"
"1065","","","","0","0","0"
"1066","","","","0","0","0"
"1067","","","","0","0","0"
"1068","","","","0","0","0"
"1069","","","","0","0","0"
"1070","0","0","0","0","0","0"
"1071","","","","0","0","0"
"1072","","","","0","0","0"
"1073","","","","0","0","0"
"1074","","","","0","0","0"
"1075","","","","0","0","0"
"1076","","","","0","0","0"
"1077","","","","0","0","0"
"1078","","","","0","0","0"
"1079","","","","0","0","0"
"1080","0","0","0","0","0","0"
"1081","","","","0","0","0"
"1082","","","","0","0","0"
"1083","","","","0","0","0"
"1084","","","","0","0","0"
"1085","","","","0","0","0"
"1086","","","","0","0","0"
"1087","","","","0","0","0"
"1088","","","","0","0","0"
"1089","","","","0","0","0"
"1090","0","0","0","0","0","0"
"1091","","","","0","0","0"
"1092","","","","0","0","0"
"1093","","","","0","0","0"
"1094","","","","0","0","0"
"1095","","","","0","0","0"
"1096","","","","0","0","0"
"1097","","","","0","0","0"
"1098","","","","0","0","0"
"1099","","","","0","0","0"
"1100","0","0","0","0","0","0"
"1101","","","","0","0","0"
"1102","","","","0","0","0"
"1103","","","","0","0","0"
"1104","","","","0","0","0"
"1105","","","","0","0","0"
"1106","","","","0","0","0"
"1107","","","","0","0","0"
"1108","","","","0","0","0"
"1109","","","","0","0","0"
"1110","0","0","0","0","0","0"
"1111","","","","0","0","0"
"1112","","","","0","0","0"
"1113","","","","0","0","0"
"1114","","","","0","0","0"
"1115","","","","0","0","0"
"1116","","","","0","0","0"
"1117","","","","0","0","0"
"1118","","","","0","0","0"
"1119","","","","0","0","0"
"1120","0","0","0","0","0","0"
"1121","","","","0","0","0"
"1122","","","","0","0","0"
"1123","","","","0","0","0"
"1124","","","","0","0","0"
"1125","","","","0","0","0"
"1126","","","","0","0","0"
"1127","","","","0","0","0"
"1128","","","","0","0","0"
"1129","","","","0","0","0"
"1130","0","0","0","0","0","0"
"1131","","","","0","0","0"
"1132","","","","0","0","0"
"1133","","","","0","0","0"
"1134","","","","0","0","0"
"1135","","","","0","0","0"
"1136","","","","0","0","0"
"1137","","","","0","0","0"
"1138","","","","0","0","0"
"1139","","","","0","0","0"
"1140","0","0","0","0","0","0"
"1141","","","","0","0","0"
"1142","","","","0","0","0"
"1143","","","","0","0","0"
"1144","","","","0","0","0"
"1145","","","","0","0","0"
"1146","","","","0","0","0"
"1147","","","","0","0","0"
"1148","","","","0","0","0"
"1149","","","","0","0","0"
"1150","0","0","0","0","0","0"
"1151","","","","0","0","0"
"1152","","","","0","0","0"
"1153","","","","0","0","0"
"1154","","","","0","0","0"
"1155","","","","0","0","0"
"1156","","","","0","0","0"
"1157","","","","0","0","0"
"1158","","","","0","0","0"
"1159","","","","0","0","0"
"1160","0","0","0","0","0","0"
"1161","","","","0","0","0"
"1162","","","","0","0","0"
"1163","","","","0","0","0"
"1164","","","","0","0","0"
"1165","","","","0","0","0"
"1166","","","","0","0","0"
"1167","","","","0","0","0"
"1168","","","","0","0","0"
"1169","","","","0","0","0"
"1170","0","0","0","0","0","0"
"1171","","","","0","0","0"
"1172","","","","0","0","0"
"1173","","","","0","0","0"
"1174","","","","0","0","0"
"1175","","","","0","0","0"
"1176","","","","0","0","0"
"1177","","","","0","0","0"
"1178","","","","0","0","0"
"1179","","","","0","0","0"
"1180","0","0","0","0","0","0"
"1181","","","","0","0","0"
"1182","","","","0","0","0"
"1183","","","","0","0","0"
"1184","","","","0","0","0"
"1185","","","","0","0","0"
"1186","","","","0","0","0"
"1187","","","","0","0","0"
"1188","","","","0","0","0"
"1189","","","","0","0","0"
"1190","0","0","0","0","0","0"
"1191","","","","0","0","0"
"1192","","","","0","0","0"
"1193","","","","0","0","0"
"1194","","","","0","0","0"
"1195","","","","0","0","0"
"1196","","","","0","0","0"
"1197","","","","0","0","0"
"1198","","","","0","0","0"
"1199","","","","0","0","0"
"1200","0","0","0","0","0","0"
"1201","","","","0","0","0"
"1202","","","","0","0","0"
"1203","","","","0","0","0"
"1204","","","","0","0","0"
"1205","","","","0","0","0"
"1206","","","","0","0","0"
"1207","","","","0","0","0"
"1208","","","","0","0","0"
"1209","","","","0","0","0"
"1210","0","0","0","0","0","0"
"1211","","","","0","0","0"
"1212","","","","0","0","0"
"1213","","","","0","0","0"
"1214","","","","0","0","0"
"1215","","","","0","0","0"
"1216","","","","0","0","0"
"1217","","","","0","0","0"
"1218","","","","0","0","0"
"1219","","","","0","0","0"
"1220","0","0","0","0","0","0"
"1221","","","","0","0","0"
"1222","","","","0","0","0"
"1223","","","","0","0","0"
"1224","","","","0","0","0"
"1225","","","","0","0","0"
"1226","","","","0","0","0"
"1227","","","","0","0","0"
"1228","","","","0","0","0"
"1229","","","","0","0","0"
"1230","0","0","0","0","0","0"
"1231","","","","0","0","0"
"1232","","","","0","0","0"
"1233","","","","0","0","0"
"1234","","","","0","0","0"
"1235","","","","0","0","0"
"1236","","","","0","0","0"
"1237","","","","0","0","0"
"1238","","","","0","0","0"
"1239","","","","0","0","0"
"1240","0","0","0","0","0","0"
"1241","","","","0","0","0"
"1242","","","","0","0","0"
"1243","","","","0","0","0"
"1244","","","","0","0","0"
"1245","","","","0","0","0"
"1246","","","","0","0","0"
"1247","","","","0","0","0"
"1248","","","","0","0","0"
"1249","","","","0","0","0"
"1250","0","0","0","0","0","0"
"1251","","","","0","0","0"
"1252","","","","0","0","0"
"1253","","","","0","0","0"
"1254","","","","0","0","0"
"1255","","","","0","0","0"
"1256","","","","0","0","0"
"1257","","","","0","0","0"
"1258","","","","0","0","0"
"1259","","","","0","0","0"
"1260","0","0","0","0","0","0"
"1261","","","","0","0","0"
"1262","","","","0","0","0"
"1263","","","","0","0","0"
"1264","","","","0","0","0"
"1265","","","","0","0","0"
"1266","","","","0","0","0"
"1267","","","","0","0","0"
"1268","","","","0","0","0"
"1269","","","","0","0","0"
"1270","0","0","0","0","0","0"
"1271","","","","0","0","0"
"1272","","","","0","0","0"
"1273","","","","0","0","0"
"1274","","","","0","0","0"
"1275","","","","0","0","0"
"1276","","","","0","0","0"
"1277","","","","0","0","0"
"1278","","","","0","0","0"
"1279","","","","0","0","0"
"1280","0","0","0","0","0","0"
"1281","","","","0","0","0"
"1282","","","","0","0","0"
"1283","","","","0","0","0"
"1284","","","","0","0","0"
"1285","","","","0","0","0"
"1286","","","","0","0","0"
"1287","","","","0","0","0"
"1288","","","","0","0","0"
"1289","","","","0","0","0"
"1290","0","0","0","0","0","0"
"1291","","","","0","0","0"
"1292","","","","0","0","0"
"1293","","","","0","0","0"
"1294","","","","0","0","0"
"1295","","","","0","0","0"
"1296","","","","0","0","0"
"1297","","","","0","0","0"
"1298","","","","0","0","0"
"1299","","","","0","0","0"
"1300","0","0","0","0","0","0"
"1301","","","","0","0","0"
"1302","","","","0","0","0"
"1303","","","","0","0","0"
"1304","","","","0","0","0"
"1305","","","","0","0","0"
"1306","","","","0","0","0"
"1307","","","","0","0","0"
"1308","","","","0","0","0"
"1309","","","","0","0","0"
"1310","0","0","0","0","0","0"
"1311","","","","0","0","0"
"1312","","","","0","0","0"
"1313","","","","0","0","0"
"1314","","","","0","0","0"
"1315","","","","0","0","0"
"1316","","","","0","0","0"
"1317","","","","0","0","0"
"1318","","","","0","0","0"
"1319","","","","0","0","0"
"1320","0","0","0","0","0","0"
"1321","","","","0","0","0"
"1322","","","","0","0","0"
"1323","","","","0","0","0"
"1324","","","","0","0","0"
"1325","","","","0","0","0"
"1326","","","","0","0","0"
"1327","","","","0","0","0"
"1328","","","","0","0","0"
"1329","","","","0","0","0"
"1330","0","0","0","0","0","0"
"1331","","","","0","0","0"
"1332","","","","0","0","0"
"1333","","","","0","0","0"
"1334","","","","0","0","0"
"1335","","","","0","0","0"
"1336","","","","0","0","0"
"1337","","","","0","0","0"
"1338","","","","0","0","0"
"1339","","","","0","0","0"
"1340","0","0","0","0","0","0"
"1341","","","","0","0","0"
"1342","","","","0","0","0"
"1343","","","","0","0","0"
"1344","","","","0","0","0"
"1345","","","","0","0","0"
"1346","","","","0","0","0"
"1347","","","","0","0","0"
"1348","","","","0","0","0"
"1349","","","","0","0","0"
"1350","0","0","0","0","0","0"
"1351","","","","0","0","0"
"1352","","","","0","0","0"
"1353","","","","0","0","0"
"1354","","","","0","0","0"
"1355","","","","0","0","0"
"1356","","","","0","0","0"
"1357","","","","0","0","0"
"1358","","","","0","0","0"
"1359","","","","0","0","0"
"1360","0","0","0","0","0","0"
"1361","","","","0","0","0"
"1362","","","","0","0","0"
"1363","","","","0","0","0"
"1364","","","","0","0","0"
"1365","","","","0","0","0"
"1366","","","","0","0","0"
"1367","","","","0","0","0"
"1368","","","","0","0","0"
"1369","","","","0","0","0"
"1370","0","0","0","0","0","0"
"1371","","","","0","0","0"
"1372","","","","0","0","0"
"1373","","","","0","0","0"
"1374","","","","0","0","0"
"1375","","","","0","0","0"
"1376","","","","0","0","0"
"1377","","","","0","0","0"
"1378","","","","0","0","0"
"1379","","","","0","0","0"
"1380","0","0","0","0","0","0"
"1381","","","","0","0","0"
"1382","","","","0","0","0"
"1383","","","","0","0","0"
"1384","","","","0","0","0"
"1385","","","","0","0","0"
"1386","","","","0","0","0"
"1387","","","","0","0","0"
"1388","","","","0","0","0"
"1389","","","","0","0","0"
"1390","0","0","0","0","0","0"
"1391","","","","0","0","0"
"1392","","","","0","0","0"
"1393","","","","0","0","0"
"1394","","","","0","0","0"
"1395","","","","0","0","0"
"1396","","","","0","0","0"
"1397","","","","0","0","0"
"1398","","","","0","0","0"
"1399","","","","0","0","0"
"1400","0","0","0","0","0","0"
"1401","","","","0","0","0"
"1402","","","","0","0","0"
"1403","","","","0","0","0"
"1404","","","","0","0","0"
"1405","","","","0","0","0"
"1406","","","","0","0","0"
"1407","","","","0","0","0"
"1408","","","","0","0","0"
"1409","","","","0","0","0"
"1410","0","0","0","0","0","0"
"1411","","","","0","0","0"
"1412","","","","0","0","0"
"1413","","","","0","0","0"
"1414","","","","0","0","0"
"1415","","","","0","0","0"
"1416","","","","0","0","0"
"1417","","","","0","0","0"
"1418","","","","0","0","0"
"1419","","","","0","0","0"
"1420","0","0","0","0","0","0"
"1421","","","","0","0","0"
"1422","","","","0","0","0"
"1423","","","","0","0","0"
"1424","","","","0","0","0"
"1425","","","","0","0","0"
"1426","","","","0","0","0"
"1427","","","","0","0","0"
"1428","","","","0","0","0"
"1429","","","","0","0","0"
"1430","0","0","0","0","0","0"
"1431","","","","0","0","0"
"1432","","","","0","0","0"
"1433","","","","0","0","0"
"1434","","","","0","0","0"
"1435","","","","0","0","0"
"1436","","","","0","0","0"
"1437","","","","0","0","0"
"1438","","","","0","0","0"
"1439","","","","0","0","0"
"1440","0","0","0","0","0","0"
"1441","","","","0","0","0"
"1442","","","","0","0","0"
"1443","","","","0","0","0"
"1444","","","","0","0","0"
"1445","","","","0","0","0"
"1446","","","","0","0","0"
"1447","","","","0","0","0"
"1448","","","","0","0","0"
"1449","","","","0","0","0"
"1450","0","0","0","0","0","0"
"1451","","","","0","0","0"
"1452","","","","0","0","0"
"1453","","","","0","0","0"
"1454","","","","0","0","0"
"1455","","","","0","0","0"
"1456","","","","0","0","0"
"1457","","","","0","0","0"
"1458","","","","0","0","0"
"1459","","","","0","0","0"
"1460","0","0","0","0","0","0"
"1461","","","","0","0","0"
"1462","","","","0","0","0"
"1463","","","","0","0","0"
"1464","","","","0","0","0"
"1465","","","","0","0","0"
"1466","","","","0","0","0"
"1467","","","","0","0","0"
"1468","","","","0","0","0"
"1469","","","","0","0","0"
"1470","0","0","0","0","0","0"
"1471","","","","0","0","0"
"1472","","","","0","0","0"
"1473","","","","0","0","0"
"1474","","","","0","0","0"
"1475","","","","0","0","0"
"1476","","","","0","0","0"
"1477","","","","0","0","0"
"1478","","","","0","0","0"
"1479","","","","0","0","0"
"1480","0","0","0","0","0","0"
"1481","","","","0","0","0"
"1482","","","","0","0","0"
"1483","","","","0","0","0"
"1484","","","","0","0","0"
"1485","","","","0","0","0"
"1486","","","","0","0","0"
"1487","","","","0","0","0"
"1488","","","","0","0","0"
"1489","","","","0","0","0"
"1490","0","0","0","0","0","0"
"1491","","","","0","0","0"
"1492","","","","0","0","0"
"1493","","","","0","0","0"
"1494","","","","0","0","0"
"1495","","","","0","0","0"
"1496","","","","0","0","0"
"1497","","","","0","0","0"
"1498","","","","0","0","0"
"1499","","","","0","0","0"
"1500","0","0","0","0","0","0"
"1501","","","","0","0","0"
"1502","","","","0","0","0"
"1503","","","","0","0","0"
"1504","","","","0","0","0"
"1505","","","","0","0","0"
"1506","","","","0","0","0"
"1507","","","","0","0","0"
"1508","","","","0","0","0"
"1509","","","","0","0","0"
"1510","0","0","0","0","0","0"
"1511","","","","0","0","0"
"1512","","","","0","0","0"
"1513","","","","0","0","0"
"1514","","","","0","0","0"
"1515","","","","0","0","0"
"1516","","","","0","0","0"
"1517","","","","0","0","0"
"1518","","","","0","0","0"
"1519","","","","0","0","0"
"1520","0","0","0","0","0","0"
"1521","","","","0","0","0"
"1522","","","","0","0","0"
"1523","","","","0","0","0"
"1524","","","","0","0","0"
"1525","","","","0","0","0"
"1526","","","","0","0","0"
"1527","","","","0","0","0"
"1528","","","","0","0","0"
"1529","","","","0","0","0"
"1530","0","0","0","0","0","0"
"1531","","","","0","0","0"
"1532","","","","0","0","0"
"1533","","","","0","0","0"
"1534","","","","0","0","0"
"1535","","","","0","0","0"
"1536","","","","0","0","0"
"1537","","","","0","0","0"
"1538","","","","0","0","0"
"1539","","","","0","0","0"
"1540","0","0","0","0","0","0"
"1541","","","","0","0","0"
"1542","","","","0","0","0"
"1543","","","","0","0","0"
"1544","","","","0","0","0"
"1545","","","","0","0","0"
"1546","","","","0","0","0"
"1547","","","","0","0","0"
"1548","","","","0","0","0"
"1549","","","","0","0","0"
"1550","0","0","0","0","0","0"
"1551","","","","0","0","0"
"1552","","","","0","0","0"
"1553","","","","0","0","0"
"1554","","","","0","0","0"
"1555","","","","0","0","0"
"1556","","","","0","0","0"
"1557","","","","0","0","0"
"1558","","","","0","0","0"
"1559","","","","0","0","0"
"1560","0","0","0","0","0","0"
"1561","","","","0","0","0"
"1562","","","","0","0","0"
"1563","","","","0","0","0"
"1564","","","","0","0","0"
"1565","","","","0","0","0"
"1566","","","","0","0","0"
"1567","","","","0","0","0"
"1568","","","","0","0","0"
"1569","","","","0","0","0"
"1570","0","0","0","0","0","0"
"1571","","","","0","0","0"
"1572","","","","0","0","0"
"1573","","","","0","0","0"
"1574","","","","0","0","0"
"1575","","","","0","0","0"
"1576","","","","0","0","0"
"1577","","","","0","0","0"
"1578","","","","0","0","0"
"1579","","","","0","0","0"
"1580","0","0","0","0","0","0"
"1581","","","","0","0","0"
"1582","","","","0","0","0"
"1583","","","","0","0","0"
"1584","","","","0","0","0"
"1585","","","","0","0","0"
"1586","","","","0","0","0"
"1587","","","","0","0","0"
"1588","","","","0","0","0"
"1589","","","","0","0","0"
"1590","0","0","0","0","0","0"
"1591","","","","0","0","0"
"1592","","","","0","0","0"
"1593","","","","0","0","0"
"1594","","","","0","0","0"
"1595","","","","0","0","0"
"1596","","","","0","0","0"
"1597","","","","0","0","0"
"1598","","","","0","0","0"
"1599","","","","0","0","0"
"1600","0","0","0","0","0","0"
"1601","","","","0","0","0"
"1602","","","","0","0","0"
"1603","","","","0","0","0"
"1604","","","","0","0","0"
"1605","","","","0","0","0"
"1606","","","","0","0","0"
"1607","","","","0","0","0"
"1608","","","","0","0","0"
"1609","","","","0","0","0"
"1610","0","0","0","0","0","0"
"1611","","","","0","0","0"
"1612","","","","0","0","0"
"1613","","","","0","0","0"
"1614","","","","0","0","0"
"1615","","","","0","0","0"
"1616","","","","0","0","0"
"1617","","","","0","0","0"
"1618","","","","0","0","0"
"1619","","","","0","0","0"
"1620","0","0","0","0","0","0"
"1621","","","","0","0","0"
"1622","","","","0","0","0"
"1623","","","","0","0","0"
"1624","","","","0","0","0"
"1625","","","","0","0","0"
"1626","","","","0","0","0"
"1627","","","","0","0","0"
"1628","","","","0","0","0"
"1629","","","","0","0","0"
"1630","0","0","0","0","0","0"
"1631","","","","0","0","0"
"1632","","","","0","0","0"
"1633","","","","0","0","0"
"1634","","","","0","0","0"
"1635","","","","0","0","0"
"1636","","","","0","0","0"
"1637","","","","0","0","0"
"1638","","","","0","0","0"
"1639","","","","0","0","0"
"1640","0","0","0","0","0","0"
"1641","","","","0","0","0"
"1642","","","","0","0","0"
"1643","","","","0","0","0"
"1644","","","","0","0","0"
"1645","","","","0","0","0"
"1646","","","","0","0","0"
"1647","","","","0","0","0"
"1648","","","","0","0","0"
"1649","","","","0","0","0"
"1650","0","0","0","0","0","0"
"1651","","","","0","0","0"
"1652","","","","0","0","0"
"1653","","","","0","0","0"
"1654","","","","0","0","0"
"1655","","","","0","0","0"
"1656","","","","0","0","0"
"1657","","","","0","0","0"
"1658","","","","0","0","0"
"1659","","","","0","0","0"
"1660","0","0","0","0","0","0"
"1661","","","","0","0","0"
"1662","","","","0","0","0"
"1663","","","","0","0","0"
"1664","","","","0","0","0"
"1665","","","","0","0","0"
"1666","","","","0","0","0"
"1667","","","","0","0","0"
"1668","","","","0","0","0"
"1669","","","","0","0","0"
"1670","0","0","0","0","0","0"
"1671","","","","0","0","0"
"1672","","","","0","0","0"
"1673","","","","0","0","0"
"1674","","","","0","0","0"
"1675","","","","0","0","0"
"1676","","","","0","0","0"
"1677","","","","0","0","0"
"1678","","","","0","0","0"
"1679","","","","0","0","0"
"1680","0","0","0","0","0","0"
"1681","","","","0","0","0"
"1682","","","","0","0","0"
"1683","","","","0","0","0"
"1684","","","","0","0","0"
"1685","","","","0","0","0"
"1686","","","","0","0","0"
"1687","","","","0","0","0"
"1688","","","","0","0","0"
"1689","","","","0","0","0"
"1690","0","0","0","0","0","0"
"1691","","","","0","0","0"
"1692","","","","0","0","0"
"1693","","","","0","0","0"
"1694","","","","0","0","0"
"1695","","","","0","0","0"
"1696","","","","0","0","0"
"1697","","","","0","0","0"
"1698","","","","0","0","0"
"1699","","","","0","0","0"
"1700","0","0","0","0","0","0"
"1701","","","","0","0","0"
"1702","","","","0","0","0"
"1703","","","","0","0","0"
"1704","","","","0","0","0"
"1705","","","","0","0","0"
"1706","","","","0","0","0"
"1707","","","","0","0","0"
"1708","","","","0","0","0"
"1709","","","","0","0","0"
"1710","0","0","0","0","0","0"
"1711","","","","0","0","0"
"1712","","","","0","0","0"
"1713","","","","0","0","0"
"1714","","","","0","0","0"
"1715","","","","0","0","0"
"1716","","","","0","0","0"
"1717","","","","0","0","0"
"1718","","","","0","0","0"
"1719","","","","0","0","0"
"1720","0","0","0","0","0","0"
"1721","","","","0","0","0"
"1722","","","","0","0","0"
"1723","","","","0","0","0"
"1724","","","","0","0","0"
"1725","","","","0","0","0"
"1726","","","","0","0","0"
"1727","","","","0","0","0"
"1728","","","","0","0","0"
"1729","","","","0","0","0"
"1730","0","0","0","0","0","0"
"1731","","","","0","0","0"
"1732","","","","0","0","0"
"1733","","","","0","0","0"
"1734","","","","0","0","0"
"1735","","","","0","0","0"
"1736","","","","0","0","0"
"1737","","","","0","0","0"
"1738","","","","0","0","0"
"1739","","","","0","0","0"
"1740","0","0","0","0","0","0"
"1741","","","","0","0","0"
"1742","","","","0","0","0"
"1743","","","","0","0","0"
"1744","","","","0","0","0"
"1745","","","","0","0","0"
"1746","","","","0","0","0"
"1747","","","","0","0","0"
"1748","","","","0","0","0"
"1749","","","","0","0","0"
"1750","0","0","0","0","0","0"
"1751","","","","0","0","0"
"1752","","","","0","0","0"
"1753","","","","0","0","0"
"1754","","","","0","0","0"
"1755","","","","0","0","0"
"1756","","","","0","0","0"
"1757","","","","0","0","0"
"1758","","","","0","0","0"
"1759","","","","0","0","0"
"1760","0","0","0","0","0","0"
"1761","","","","0","0","0"
"1762","","","","0","0","0"
"1763","","","","0","0","0"
"1764","","","","0","0","0"
"1765","","","","0","0","0"
"1766","","","","0","0","0"
"1767","","","","0","0","0"
"1768","","","","0","0","0"
"1769","","","","0","0","0"
"1770","0","0","0","0","0","0"
"1771","","","","0","0","0"
"1772","","","","0","0","0"
"1773","","","","0","0","0"
"1774","","","","0","0","0"
"1775","","","","0","0","0"
"1776","","","","0","0","0"
"1777","","","","0","0","0"
"1778","","","","0","0","0"
"1779","","","","0","0","0"
"1780","0","0","0","0","0","0"
"1781","","","","0","0","0"
"1782","","","","0","0","0"
"1783","","","","0","0","0"
"1784","","","","0","0","0"
"1785","","","","0","0","0"
"1786","","","","0","0","0"
"1787","","","","0","0","0"
"1788","","","","0","0","0"
"1789","","","","0","0","0"
"1790","0","0","0","0","0","0"
"1791","","","","0","0","0"
"1792","","","","0","0","0"
"1793","","","","0","0","0"
"1794","","","","0","0","0"
"1795","","","","0","0","0"
"1796","","","","0","0","0"
"1797","","","","0","0","0"
"1798","","","","0","0","0"
"1799","","","","0","0","0"
"1800","0","0","0","0","0","0"
"1801","","","","0","0","0"
"1802","","","","0","0","0"
"1803","","","","0","0","0"
"1804","","","","0","0","0"
"1805","","","","0","0","0"
"1806","","","","0","0","0"
"1807","","","","0","0","0"
"1808","","","","0","0","0"
"1809","","","","0","0","0"
"1810","0","0","0","0","0","0"
"1811","","","","0","0","0"
"1812","","","","0","0","0"
"1813","","","","0","0","0"
"1814","","","","0","0","0"
"1815","","","","0","0","0"
"1816","","","","0","0","0"
"1817","","","","0","0","0"
"1818","","","","0","0","0"
"1819","","","","0","0","0"
"1820","0","0","0","0","0","0"
"1821","","","","0","0","0"
"1822","","","","0","0","0"
"1823","","","","0","0","0"
"1824","","","","0","0","0"
"1825","","","","0","0","0"
"1826","","","","0","0","0"
"1827","","","","0","0","0"
"1828","","","","0","0","0"
"1829","","","","0","0","0"
"1830","0","0","0","0","0","0"
"1831","","","","0","0","0"
"1832","","","","0","0","0"
"1833","","","","0","0","0"
"1834","","","","0","0","0"
"1835","","","","0","0","0"
"1836","","","","0","0","0"
"1837","","","","0","0","0"
"1838","","","","0","0","0"
"1839","","","","0","0","0"
"1840","0","0","0","0","0","0"
"1841","","","","0","0","0"
"1842","","","","0","0","0"
"1843","","","","0","0","0"
"1844","","","","0","0","0"
"1845","","","","0","0","0"
"1846","","","","0","0","0"
"1847","","","","0","0","0"
"1848","","","","0","0","0"
"1849","","","","0","0","0"
"1850","0","0","0","0","0","0"
"1851","","","","0","0","0"
"1852","","","","0","0","0"
"1853","","","","0","0","0"
"1854","","","","0","0","0"
"1855","","","","0","0","0"
"1856","","","","0","0","0"
"1857","","","","0","0","0"
"1858","","","","0","0","0"
"1859","","","","0","0","0"
"1860","0","0","0","0","0","0"
"1861","","","","0","0","0"
"1862","","","","0","0","0"
"1863","","","","0","0","0"
"1864","","","","0","0","0"
"1865","","","","0","0","0"
"1866","","","","0","0","0"
"1867","","","","0","0","0"
"1868","","","","0","0","0"
"1869","","","","0","0","0"
"1870","0","0","0","0","0","0"
"1871","","","","0","0","0"
"1872","","","","0","0","0"
"1873","","","","0","0","0"
"1874","","","","0","0","0"
"1875","","","","0","0","0"
"1876","","","","0","0","0"
"1877","","","","0","0","0"
"1878","","","","0","0","0"
"1879","","","","0","0","0"
"1880","0","0","0","0","0","0"
"1881","","","","0","0","0"
"1882","","","","0","0","0"
"1883","","","","0","0","0"
"1884","","","","0","0","0"
"1885","","","","0","0","0"
"1886","","","","0","0","0"
"1887","","","","0","0","0"
"1888","","","","0","0","0"
"1889","","","","0","0","0"
"1890","0","0","0","0","0","0"
"1891","","","","0","0","0"
"1892","","","","0","0","0"
"1893","","","","0","0","0"
"1894","","","","0","0","0"
"1895","","","","0","0","0"
"1896","","","","0","0","0"
"1897","","","","0","0","0"
"1898","","","","0","0","0"
"1899","","","","0","0","0"
"1900","0","0","0","0","0","0"
"1901","","","","0","0","0"
"1902","","","","0","0","0"
"1903","","","","0","0","0"
"1904","","","","0","0","0"
"1905","","","","0","0","0"
"1906","","","","0","0","0"
"1907","","","","0","0","0"
"1908","","","","0","0","0"
"1909","","","","0","0","0"
"1910","0","0","0","0","0","0"
"1911","","","","0","0","0"
"1912","","","","0","0","0"
"1913","","","","0","0","0"
"1914","","","","0","0","0"
"1915","","","","0","0","0"
"1916","","","","0","0","0"
"1917","","","","0","0","0"
"1918","","","","0","0","0"
"1919","","","","0","0","0"
"1920","0","0","0","0","0","0"
"1921","","","","0","0","0"
"1922","","","","0","0","0"
"1923","","","","0","0","0"
"1924","","","","0","0","0"
"1925","","","","0","0","0"
"1926","","","","0","0","0"
"1927","","","","0","0","0"
"1928","","","","0","0","0"
"1929","","","","0","0","0"
"1930","0","0","0","0","0","0"
"1931","","","","0","0","0"
"1932","","","","0","0","0"
"1933","","","","0","0","0"
"1934","","","","0","0","0"
"1935","","","","0","0","0"
"1936","","","","0","0","0"
"1937","","","","0","0","0"
"1938","","","","0","0","0"
"1939","","","","0","0","0"
"1940","0","0","0","0","0","0"
"1941","","","","0","0","0"
"1942","","","","0","0","0"
"1943","","","","0","0","0"
"1944","","","","0","0","0"
"1945","","","","0","0","0"
"1946","","","","0","0","0"
"1947","","","","0","0","0"
"1948","","","","0","0","0"
"1949","","","","0","0","0"
"1950","0","0","0","0","0","0"
"1951","","","","0","0","0"
"1952","","","","0","0","0"
"1953","","","","0","0","0"
"1954","","","","0","0","0"
"1955","","","","0","0","0"
"1956","","","","0","0","0"
"1957","","","","0","0","0"
"1958","","","","0","0","0"
"1959","","","","0","0","0"
"1960","0","0","0","0","0","0"
"1961","","","","0","0","0"
"1962","","","","0","0","0"
"1963","","","","0","0","0"
"1964","","","","0","0","0"
"1965","","","","0","0","0"
"1966","","","","0","0","0"
"1967","","","","0","0","0"
"1968","","","","0","0","0"
"1969","","","","0","0","0"
"1970","0","0","0","0","0","0"
"1971","","","","0","0","0"
"1972","","","","0","0","0"
"1973","","","","0","0","0"
"1974","","","","0","0","0"
"1975","","","","0","0","0"
"1976","","","","0","0","0"
"1977","","","","0","0","0"
"1978","","","","0","0","0"
"1979","","","","0","0","0"
"1980","0","0","0","0","0","0"
"1981","","","","0","0","0"
"1982","","","","0","0","0"
"1983","","","","0","0","0"
"1984","","","","0","0","0"
"1985","","","","0","0","0"
"1986","","","","0","0","0"
"1987","","","","0","0","0"
"1988","","","","0","0","0"
"1989","","","","0","0","0"
"1990","0","0","0","0","0","0"
"1991","","","","0","0","0"
"1992","","","","0","0","0"
"1993","","","","0","0","0"
"1994","","","","0","0","0"
"1995","","","","0","0","0"
"1996","","","","0","0","0"
"1997","","","","0","0","0"
"1998","","","","0","0","0"
"1999","","","","0","0","0"
"2000","0","0","0","0","0","0"